filepath,class_name
data\raw\casting_data\test\ok_front\cast_ok_0_1001.jpeg,normal
data\raw\casting_data\test\ok_front\cast_ok_0_1002.jpeg,normal
data\raw\casting_data\test\ok_front\cast_ok_0_1019.jpeg,normal
data\raw\casting_data\test\ok_front\cast_ok_0_1020.jpeg,normal
data\raw\casting_data\test\ok_front\cast_ok_0_1021.jpeg,normal
data\raw\casting_data\test\ok_front\cast_ok_0_1022.jpeg,normal
data\raw\casting_data\test\ok_front\cast_ok_0_1026.jpeg,normal
data\raw\casting_data\test\ok_front\cast_ok_0_1028.jpeg,normal
data\raw\casting_data\test\ok_front\cast_ok_0_1031.jpeg,normal
data\raw\casting_data\test\ok_front\cast_ok_0_1069.jpeg,normal
data\raw\casting_data\test\ok_front\cast_ok_0_1088.jpeg,normal
data\raw\casting_data\test\ok_front\cast_ok_0_1092.jpeg,normal
data\raw\casting_data\test\ok_front\cast_ok_0_1093.jpeg,normal
data\raw\casting_data\test\ok_front\cast_ok_0_1095.jpeg,normal
data\raw\casting_data\test\ok_front\cast_ok_0_1096.jpeg,normal
data\raw\casting_data\test\ok_front\cast_ok_0_1120.jpeg,normal
data\raw\casting_data\test\ok_front\cast_ok_0_1134.jpeg,normal
data\raw\casting_data\test\ok_front\cast_ok_0_1137.jpeg,normal
data\raw\casting_data\test\ok_front\cast_ok_0_1144.jpeg,normal
data\raw\casting_data\test\ok_front\cast_ok_0_1145.jpeg,normal
data\raw\casting_data\test\ok_front\cast_ok_0_1165.jpeg,normal
data\raw\casting_data\test\ok_front\cast_ok_0_1169.jpeg,normal
data\raw\casting_data\test\ok_front\cast_ok_0_1170.jpeg,normal
data\raw\casting_data\test\ok_front\cast_ok_0_1171.jpeg,normal
data\raw\casting_data\test\ok_front\cast_ok_0_1173.jpeg,normal
data\raw\casting_data\test\ok_front\cast_ok_0_1174.jpeg,normal
data\raw\casting_data\test\ok_front\cast_ok_0_1176.jpeg,normal
data\raw\casting_data\test\ok_front\cast_ok_0_1180.jpeg,normal
data\raw\casting_data\test\ok_front\cast_ok_0_1200.jpeg,normal
data\raw\casting_data\test\ok_front\cast_ok_0_1203.jpeg,normal
data\raw\casting_data\test\ok_front\cast_ok_0_1209.jpeg,normal
data\raw\casting_data\test\ok_front\cast_ok_0_1210.jpeg,normal
data\raw\casting_data\test\ok_front\cast_ok_0_1213.jpeg,normal
data\raw\casting_data\test\ok_front\cast_ok_0_1218.jpeg,normal
data\raw\casting_data\test\ok_front\cast_ok_0_1315.jpeg,normal
data\raw\casting_data\test\ok_front\cast_ok_0_1316.jpeg,normal
data\raw\casting_data\test\ok_front\cast_ok_0_1318.jpeg,normal
data\raw\casting_data\test\ok_front\cast_ok_0_1323.jpeg,normal
data\raw\casting_data\test\ok_front\cast_ok_0_1328.jpeg,normal
data\raw\casting_data\test\ok_front\cast_ok_0_1331.jpeg,normal
data\raw\casting_data\test\ok_front\cast_ok_0_1333.jpeg,normal
data\raw\casting_data\test\ok_front\cast_ok_0_1343.jpeg,normal
data\raw\casting_data\test\ok_front\cast_ok_0_1347.jpeg,normal
data\raw\casting_data\test\ok_front\cast_ok_0_1351.jpeg,normal
data\raw\casting_data\test\ok_front\cast_ok_0_1376.jpeg,normal
data\raw\casting_data\test\ok_front\cast_ok_0_1381.jpeg,normal
data\raw\casting_data\test\ok_front\cast_ok_0_1384.jpeg,normal
data\raw\casting_data\test\ok_front\cast_ok_0_14.jpeg,normal
data\raw\casting_data\test\ok_front\cast_ok_0_1415.jpeg,normal
data\raw\casting_data\test\ok_front\cast_ok_0_1420.jpeg,normal
data\raw\casting_data\test\ok_front\cast_ok_0_1426.jpeg,normal
data\raw\casting_data\test\ok_front\cast_ok_0_1430.jpeg,normal
data\raw\casting_data\test\ok_front\cast_ok_0_1431.jpeg,normal
data\raw\casting_data\test\ok_front\cast_ok_0_16.jpeg,normal
data\raw\casting_data\test\ok_front\cast_ok_0_1865.jpeg,normal
data\raw\casting_data\test\ok_front\cast_ok_0_1891.jpeg,normal
data\raw\casting_data\test\ok_front\cast_ok_0_1925.jpeg,normal
data\raw\casting_data\test\ok_front\cast_ok_0_2012.jpeg,normal
data\raw\casting_data\test\ok_front\cast_ok_0_2272.jpeg,normal
data\raw\casting_data\test\ok_front\cast_ok_0_2273.jpeg,normal
data\raw\casting_data\test\ok_front\cast_ok_0_2286.jpeg,normal
data\raw\casting_data\test\ok_front\cast_ok_0_2291.jpeg,normal
data\raw\casting_data\test\ok_front\cast_ok_0_2303.jpeg,normal
data\raw\casting_data\test\ok_front\cast_ok_0_2340.jpeg,normal
data\raw\casting_data\test\ok_front\cast_ok_0_238.jpeg,normal
data\raw\casting_data\test\ok_front\cast_ok_0_246.jpeg,normal
data\raw\casting_data\test\ok_front\cast_ok_0_259.jpeg,normal
data\raw\casting_data\test\ok_front\cast_ok_0_268.jpeg,normal
data\raw\casting_data\test\ok_front\cast_ok_0_2686.jpeg,normal
data\raw\casting_data\test\ok_front\cast_ok_0_2687.jpeg,normal
data\raw\casting_data\test\ok_front\cast_ok_0_2699.jpeg,normal
data\raw\casting_data\test\ok_front\cast_ok_0_2700.jpeg,normal
data\raw\casting_data\test\ok_front\cast_ok_0_2722.jpeg,normal
data\raw\casting_data\test\ok_front\cast_ok_0_2724.jpeg,normal
data\raw\casting_data\test\ok_front\cast_ok_0_2726.jpeg,normal
data\raw\casting_data\test\ok_front\cast_ok_0_2729.jpeg,normal
data\raw\casting_data\test\ok_front\cast_ok_0_2730.jpeg,normal
data\raw\casting_data\test\ok_front\cast_ok_0_2752.jpeg,normal
data\raw\casting_data\test\ok_front\cast_ok_0_2755.jpeg,normal
data\raw\casting_data\test\ok_front\cast_ok_0_2761.jpeg,normal
data\raw\casting_data\test\ok_front\cast_ok_0_2768.jpeg,normal
data\raw\casting_data\test\ok_front\cast_ok_0_2769.jpeg,normal
data\raw\casting_data\test\ok_front\cast_ok_0_2784.jpeg,normal
data\raw\casting_data\test\ok_front\cast_ok_0_2786.jpeg,normal
data\raw\casting_data\test\ok_front\cast_ok_0_2798.jpeg,normal
data\raw\casting_data\test\ok_front\cast_ok_0_2801.jpeg,normal
data\raw\casting_data\test\ok_front\cast_ok_0_2805.jpeg,normal
data\raw\casting_data\test\ok_front\cast_ok_0_2807.jpeg,normal
data\raw\casting_data\test\ok_front\cast_ok_0_2810.jpeg,normal
data\raw\casting_data\test\ok_front\cast_ok_0_2840.jpeg,normal
data\raw\casting_data\test\ok_front\cast_ok_0_2844.jpeg,normal
data\raw\casting_data\test\ok_front\cast_ok_0_2848.jpeg,normal
data\raw\casting_data\test\ok_front\cast_ok_0_2867.jpeg,normal
data\raw\casting_data\test\ok_front\cast_ok_0_2868.jpeg,normal
data\raw\casting_data\test\ok_front\cast_ok_0_2869.jpeg,normal
data\raw\casting_data\test\ok_front\cast_ok_0_2884.jpeg,normal
data\raw\casting_data\test\ok_front\cast_ok_0_2885.jpeg,normal
data\raw\casting_data\test\ok_front\cast_ok_0_2892.jpeg,normal
data\raw\casting_data\test\ok_front\cast_ok_0_2894.jpeg,normal
data\raw\casting_data\test\ok_front\cast_ok_0_2900.jpeg,normal
data\raw\casting_data\test\ok_front\cast_ok_0_2914.jpeg,normal
data\raw\casting_data\test\ok_front\cast_ok_0_2915.jpeg,normal
data\raw\casting_data\test\ok_front\cast_ok_0_2917.jpeg,normal
data\raw\casting_data\test\ok_front\cast_ok_0_2926.jpeg,normal
data\raw\casting_data\test\ok_front\cast_ok_0_2927.jpeg,normal
data\raw\casting_data\test\ok_front\cast_ok_0_2932.jpeg,normal
data\raw\casting_data\test\ok_front\cast_ok_0_3264.jpeg,normal
data\raw\casting_data\test\ok_front\cast_ok_0_3278.jpeg,normal
data\raw\casting_data\test\ok_front\cast_ok_0_3292.jpeg,normal
data\raw\casting_data\test\ok_front\cast_ok_0_3294.jpeg,normal
data\raw\casting_data\test\ok_front\cast_ok_0_4476.jpeg,normal
data\raw\casting_data\test\ok_front\cast_ok_0_4497.jpeg,normal
data\raw\casting_data\test\ok_front\cast_ok_0_4498.jpeg,normal
data\raw\casting_data\test\ok_front\cast_ok_0_45.jpeg,normal
data\raw\casting_data\test\ok_front\cast_ok_0_49.jpeg,normal
data\raw\casting_data\test\ok_front\cast_ok_0_4992.jpeg,normal
data\raw\casting_data\test\ok_front\cast_ok_0_5009.jpeg,normal
data\raw\casting_data\test\ok_front\cast_ok_0_5012.jpeg,normal
data\raw\casting_data\test\ok_front\cast_ok_0_505.jpeg,normal
data\raw\casting_data\test\ok_front\cast_ok_0_526.jpeg,normal
data\raw\casting_data\test\ok_front\cast_ok_0_5560.jpeg,normal
data\raw\casting_data\test\ok_front\cast_ok_0_5567.jpeg,normal
data\raw\casting_data\test\ok_front\cast_ok_0_5587.jpeg,normal
data\raw\casting_data\test\ok_front\cast_ok_0_5605.jpeg,normal
data\raw\casting_data\test\ok_front\cast_ok_0_5606.jpeg,normal
data\raw\casting_data\test\ok_front\cast_ok_0_5805.jpeg,normal
data\raw\casting_data\test\ok_front\cast_ok_0_5815.jpeg,normal
data\raw\casting_data\test\ok_front\cast_ok_0_64.jpeg,normal
data\raw\casting_data\test\ok_front\cast_ok_0_6401.jpeg,normal
data\raw\casting_data\test\ok_front\cast_ok_0_6681.jpeg,normal
data\raw\casting_data\test\ok_front\cast_ok_0_6682.jpeg,normal
data\raw\casting_data\test\ok_front\cast_ok_0_6714.jpeg,normal
data\raw\casting_data\test\ok_front\cast_ok_0_6718.jpeg,normal
data\raw\casting_data\test\ok_front\cast_ok_0_7044.jpeg,normal
data\raw\casting_data\test\ok_front\cast_ok_0_7611.jpeg,normal
data\raw\casting_data\test\ok_front\cast_ok_0_7624.jpeg,normal
data\raw\casting_data\test\ok_front\cast_ok_0_7823.jpeg,normal
data\raw\casting_data\test\ok_front\cast_ok_0_7839.jpeg,normal
data\raw\casting_data\test\ok_front\cast_ok_0_7900.jpeg,normal
data\raw\casting_data\test\ok_front\cast_ok_0_7901.jpeg,normal
data\raw\casting_data\test\ok_front\cast_ok_0_7936.jpeg,normal
data\raw\casting_data\test\ok_front\cast_ok_0_7945.jpeg,normal
data\raw\casting_data\test\ok_front\cast_ok_0_7946.jpeg,normal
data\raw\casting_data\test\ok_front\cast_ok_0_8010.jpeg,normal
data\raw\casting_data\test\ok_front\cast_ok_0_8011.jpeg,normal
data\raw\casting_data\test\ok_front\cast_ok_0_8177.jpeg,normal
data\raw\casting_data\test\ok_front\cast_ok_0_8189.jpeg,normal
data\raw\casting_data\test\ok_front\cast_ok_0_8192.jpeg,normal
data\raw\casting_data\test\ok_front\cast_ok_0_8612.jpeg,normal
data\raw\casting_data\test\ok_front\cast_ok_0_8637.jpeg,normal
data\raw\casting_data\test\ok_front\cast_ok_0_8644.jpeg,normal
data\raw\casting_data\test\ok_front\cast_ok_0_8652.jpeg,normal
data\raw\casting_data\test\ok_front\cast_ok_0_880.jpeg,normal
data\raw\casting_data\test\ok_front\cast_ok_0_897.jpeg,normal
data\raw\casting_data\test\ok_front\cast_ok_0_903.jpeg,normal
data\raw\casting_data\test\ok_front\cast_ok_0_907.jpeg,normal
data\raw\casting_data\test\ok_front\cast_ok_0_925.jpeg,normal
data\raw\casting_data\test\ok_front\cast_ok_0_927.jpeg,normal
data\raw\casting_data\test\ok_front\cast_ok_0_932.jpeg,normal
data\raw\casting_data\test\ok_front\cast_ok_0_935.jpeg,normal
data\raw\casting_data\test\ok_front\cast_ok_0_937.jpeg,normal
data\raw\casting_data\test\ok_front\cast_ok_0_942.jpeg,normal
data\raw\casting_data\test\ok_front\cast_ok_0_952.jpeg,normal
data\raw\casting_data\test\ok_front\cast_ok_0_973.jpeg,normal
data\raw\casting_data\test\ok_front\cast_ok_0_975.jpeg,normal
data\raw\casting_data\test\ok_front\cast_ok_0_9918.jpeg,normal
data\raw\casting_data\test\ok_front\cast_ok_0_9925.jpeg,normal
data\raw\casting_data\test\ok_front\cast_ok_0_9928.jpeg,normal
data\raw\casting_data\test\ok_front\cast_ok_0_9934.jpeg,normal
data\raw\casting_data\test\ok_front\cast_ok_0_9943.jpeg,normal
data\raw\casting_data\test\ok_front\cast_ok_0_9955.jpeg,normal
data\raw\casting_data\test\ok_front\cast_ok_0_9961.jpeg,normal
data\raw\casting_data\test\ok_front\cast_ok_0_9967.jpeg,normal
data\raw\casting_data\test\ok_front\cast_ok_0_9973.jpeg,normal
data\raw\casting_data\test\ok_front\cast_ok_0_9975.jpeg,normal
data\raw\casting_data\test\ok_front\cast_ok_0_9988.jpeg,normal
data\raw\casting_data\test\ok_front\cast_ok_0_9993.jpeg,normal
data\raw\casting_data\train\ok_front\cast_ok_0_1.jpeg,normal
data\raw\casting_data\train\ok_front\cast_ok_0_1001.jpeg,normal
data\raw\casting_data\train\ok_front\cast_ok_0_1002.jpeg,normal
data\raw\casting_data\train\ok_front\cast_ok_0_1005.jpeg,normal
data\raw\casting_data\train\ok_front\cast_ok_0_101.jpeg,normal
data\raw\casting_data\train\ok_front\cast_ok_0_1013.jpeg,normal
data\raw\casting_data\train\ok_front\cast_ok_0_1019.jpeg,normal
data\raw\casting_data\train\ok_front\cast_ok_0_102.jpeg,normal
data\raw\casting_data\train\ok_front\cast_ok_0_1020.jpeg,normal
data\raw\casting_data\train\ok_front\cast_ok_0_1021.jpeg,normal
data\raw\casting_data\train\ok_front\cast_ok_0_1022.jpeg,normal
data\raw\casting_data\train\ok_front\cast_ok_0_1026.jpeg,normal
data\raw\casting_data\train\ok_front\cast_ok_0_1028.jpeg,normal
data\raw\casting_data\train\ok_front\cast_ok_0_1031.jpeg,normal
data\raw\casting_data\train\ok_front\cast_ok_0_104.jpeg,normal
data\raw\casting_data\train\ok_front\cast_ok_0_1041.jpeg,normal
data\raw\casting_data\train\ok_front\cast_ok_0_1050.jpeg,normal
data\raw\casting_data\train\ok_front\cast_ok_0_1057.jpeg,normal
data\raw\casting_data\train\ok_front\cast_ok_0_1062.jpeg,normal
data\raw\casting_data\train\ok_front\cast_ok_0_1069.jpeg,normal
data\raw\casting_data\train\ok_front\cast_ok_0_108.jpeg,normal
data\raw\casting_data\train\ok_front\cast_ok_0_1088.jpeg,normal
data\raw\casting_data\train\ok_front\cast_ok_0_1092.jpeg,normal
data\raw\casting_data\train\ok_front\cast_ok_0_1093.jpeg,normal
data\raw\casting_data\train\ok_front\cast_ok_0_1095.jpeg,normal
data\raw\casting_data\train\ok_front\cast_ok_0_1096.jpeg,normal
data\raw\casting_data\train\ok_front\cast_ok_0_1099.jpeg,normal
data\raw\casting_data\train\ok_front\cast_ok_0_1103.jpeg,normal
data\raw\casting_data\train\ok_front\cast_ok_0_1116.jpeg,normal
data\raw\casting_data\train\ok_front\cast_ok_0_112.jpeg,normal
data\raw\casting_data\train\ok_front\cast_ok_0_1120.jpeg,normal
data\raw\casting_data\train\ok_front\cast_ok_0_1134.jpeg,normal
data\raw\casting_data\train\ok_front\cast_ok_0_1137.jpeg,normal
data\raw\casting_data\train\ok_front\cast_ok_0_114.jpeg,normal
data\raw\casting_data\train\ok_front\cast_ok_0_1144.jpeg,normal
data\raw\casting_data\train\ok_front\cast_ok_0_1148.jpeg,normal
data\raw\casting_data\train\ok_front\cast_ok_0_1149.jpeg,normal
data\raw\casting_data\train\ok_front\cast_ok_0_1153.jpeg,normal
data\raw\casting_data\train\ok_front\cast_ok_0_1165.jpeg,normal
data\raw\casting_data\train\ok_front\cast_ok_0_1169.jpeg,normal
data\raw\casting_data\train\ok_front\cast_ok_0_1171.jpeg,normal
data\raw\casting_data\train\ok_front\cast_ok_0_1173.jpeg,normal
data\raw\casting_data\train\ok_front\cast_ok_0_1176.jpeg,normal
data\raw\casting_data\train\ok_front\cast_ok_0_118.jpeg,normal
data\raw\casting_data\train\ok_front\cast_ok_0_1180.jpeg,normal
data\raw\casting_data\train\ok_front\cast_ok_0_1181.jpeg,normal
data\raw\casting_data\train\ok_front\cast_ok_0_1184.jpeg,normal
data\raw\casting_data\train\ok_front\cast_ok_0_1189.jpeg,normal
data\raw\casting_data\train\ok_front\cast_ok_0_1193.jpeg,normal
data\raw\casting_data\train\ok_front\cast_ok_0_120.jpeg,normal
data\raw\casting_data\train\ok_front\cast_ok_0_1200.jpeg,normal
data\raw\casting_data\train\ok_front\cast_ok_0_1203.jpeg,normal
data\raw\casting_data\train\ok_front\cast_ok_0_1209.jpeg,normal
data\raw\casting_data\train\ok_front\cast_ok_0_1210.jpeg,normal
data\raw\casting_data\train\ok_front\cast_ok_0_1213.jpeg,normal
data\raw\casting_data\train\ok_front\cast_ok_0_1218.jpeg,normal
data\raw\casting_data\train\ok_front\cast_ok_0_122.jpeg,normal
data\raw\casting_data\train\ok_front\cast_ok_0_1229.jpeg,normal
data\raw\casting_data\train\ok_front\cast_ok_0_1241.jpeg,normal
data\raw\casting_data\train\ok_front\cast_ok_0_1254.jpeg,normal
data\raw\casting_data\train\ok_front\cast_ok_0_1258.jpeg,normal
data\raw\casting_data\train\ok_front\cast_ok_0_1260.jpeg,normal
data\raw\casting_data\train\ok_front\cast_ok_0_1268.jpeg,normal
data\raw\casting_data\train\ok_front\cast_ok_0_127.jpeg,normal
data\raw\casting_data\train\ok_front\cast_ok_0_1279.jpeg,normal
data\raw\casting_data\train\ok_front\cast_ok_0_128.jpeg,normal
data\raw\casting_data\train\ok_front\cast_ok_0_1290.jpeg,normal
data\raw\casting_data\train\ok_front\cast_ok_0_1291.jpeg,normal
data\raw\casting_data\train\ok_front\cast_ok_0_1292.jpeg,normal
data\raw\casting_data\train\ok_front\cast_ok_0_1293.jpeg,normal
data\raw\casting_data\train\ok_front\cast_ok_0_1294.jpeg,normal
data\raw\casting_data\train\ok_front\cast_ok_0_1296.jpeg,normal
data\raw\casting_data\train\ok_front\cast_ok_0_1298.jpeg,normal
data\raw\casting_data\train\ok_front\cast_ok_0_1301.jpeg,normal
data\raw\casting_data\train\ok_front\cast_ok_0_1302.jpeg,normal
data\raw\casting_data\train\ok_front\cast_ok_0_1303.jpeg,normal
data\raw\casting_data\train\ok_front\cast_ok_0_1307.jpeg,normal
data\raw\casting_data\train\ok_front\cast_ok_0_1308.jpeg,normal
data\raw\casting_data\train\ok_front\cast_ok_0_142.jpeg,normal
data\raw\casting_data\train\ok_front\cast_ok_0_143.jpeg,normal
data\raw\casting_data\train\ok_front\cast_ok_0_1440.jpeg,normal
data\raw\casting_data\train\ok_front\cast_ok_0_1443.jpeg,normal
data\raw\casting_data\train\ok_front\cast_ok_0_1445.jpeg,normal
data\raw\casting_data\train\ok_front\cast_ok_0_1450.jpeg,normal
data\raw\casting_data\train\ok_front\cast_ok_0_1453.jpeg,normal
data\raw\casting_data\train\ok_front\cast_ok_0_1454.jpeg,normal
data\raw\casting_data\train\ok_front\cast_ok_0_1456.jpeg,normal
data\raw\casting_data\train\ok_front\cast_ok_0_1458.jpeg,normal
data\raw\casting_data\train\ok_front\cast_ok_0_1459.jpeg,normal
data\raw\casting_data\train\ok_front\cast_ok_0_146.jpeg,normal
data\raw\casting_data\train\ok_front\cast_ok_0_1460.jpeg,normal
data\raw\casting_data\train\ok_front\cast_ok_0_1464.jpeg,normal
data\raw\casting_data\train\ok_front\cast_ok_0_1468.jpeg,normal
data\raw\casting_data\train\ok_front\cast_ok_0_1469.jpeg,normal
data\raw\casting_data\train\ok_front\cast_ok_0_147.jpeg,normal
data\raw\casting_data\train\ok_front\cast_ok_0_1477.jpeg,normal
data\raw\casting_data\train\ok_front\cast_ok_0_1480.jpeg,normal
data\raw\casting_data\train\ok_front\cast_ok_0_1486.jpeg,normal
data\raw\casting_data\train\ok_front\cast_ok_0_149.jpeg,normal
data\raw\casting_data\train\ok_front\cast_ok_0_1490.jpeg,normal
data\raw\casting_data\train\ok_front\cast_ok_0_1491.jpeg,normal
data\raw\casting_data\train\ok_front\cast_ok_0_1514.jpeg,normal
data\raw\casting_data\train\ok_front\cast_ok_0_1516.jpeg,normal
data\raw\casting_data\train\ok_front\cast_ok_0_1527.jpeg,normal
data\raw\casting_data\train\ok_front\cast_ok_0_1529.jpeg,normal
data\raw\casting_data\train\ok_front\cast_ok_0_1531.jpeg,normal
data\raw\casting_data\train\ok_front\cast_ok_0_1534.jpeg,normal
data\raw\casting_data\train\ok_front\cast_ok_0_1539.jpeg,normal
data\raw\casting_data\train\ok_front\cast_ok_0_154.jpeg,normal
data\raw\casting_data\train\ok_front\cast_ok_0_1549.jpeg,normal
data\raw\casting_data\train\ok_front\cast_ok_0_1552.jpeg,normal
data\raw\casting_data\train\ok_front\cast_ok_0_1556.jpeg,normal
data\raw\casting_data\train\ok_front\cast_ok_0_1558.jpeg,normal
data\raw\casting_data\train\ok_front\cast_ok_0_1562.jpeg,normal
data\raw\casting_data\train\ok_front\cast_ok_0_1565.jpeg,normal
data\raw\casting_data\train\ok_front\cast_ok_0_157.jpeg,normal
data\raw\casting_data\train\ok_front\cast_ok_0_1588.jpeg,normal
data\raw\casting_data\train\ok_front\cast_ok_0_1594.jpeg,normal
data\raw\casting_data\train\ok_front\cast_ok_0_1595.jpeg,normal
data\raw\casting_data\train\ok_front\cast_ok_0_1601.jpeg,normal
data\raw\casting_data\train\ok_front\cast_ok_0_1606.jpeg,normal
data\raw\casting_data\train\ok_front\cast_ok_0_1610.jpeg,normal
data\raw\casting_data\train\ok_front\cast_ok_0_1611.jpeg,normal
data\raw\casting_data\train\ok_front\cast_ok_0_1612.jpeg,normal
data\raw\casting_data\train\ok_front\cast_ok_0_1615.jpeg,normal
data\raw\casting_data\train\ok_front\cast_ok_0_1616.jpeg,normal
data\raw\casting_data\train\ok_front\cast_ok_0_1624.jpeg,normal
data\raw\casting_data\train\ok_front\cast_ok_0_1628.jpeg,normal
data\raw\casting_data\train\ok_front\cast_ok_0_1630.jpeg,normal
data\raw\casting_data\train\ok_front\cast_ok_0_1634.jpeg,normal
data\raw\casting_data\train\ok_front\cast_ok_0_1643.jpeg,normal
data\raw\casting_data\train\ok_front\cast_ok_0_1655.jpeg,normal
data\raw\casting_data\train\ok_front\cast_ok_0_1658.jpeg,normal
data\raw\casting_data\train\ok_front\cast_ok_0_1659.jpeg,normal
data\raw\casting_data\train\ok_front\cast_ok_0_1663.jpeg,normal
data\raw\casting_data\train\ok_front\cast_ok_0_1665.jpeg,normal
data\raw\casting_data\train\ok_front\cast_ok_0_1667.jpeg,normal
data\raw\casting_data\train\ok_front\cast_ok_0_167.jpeg,normal
data\raw\casting_data\train\ok_front\cast_ok_0_1670.jpeg,normal
data\raw\casting_data\train\ok_front\cast_ok_0_1674.jpeg,normal
data\raw\casting_data\train\ok_front\cast_ok_0_1675.jpeg,normal
data\raw\casting_data\train\ok_front\cast_ok_0_1678.jpeg,normal
data\raw\casting_data\train\ok_front\cast_ok_0_1680.jpeg,normal
data\raw\casting_data\train\ok_front\cast_ok_0_1682.jpeg,normal
data\raw\casting_data\train\ok_front\cast_ok_0_1684.jpeg,normal
data\raw\casting_data\train\ok_front\cast_ok_0_1686.jpeg,normal
data\raw\casting_data\train\ok_front\cast_ok_0_1687.jpeg,normal
data\raw\casting_data\train\ok_front\cast_ok_0_1688.jpeg,normal
data\raw\casting_data\train\ok_front\cast_ok_0_169.jpeg,normal
data\raw\casting_data\train\ok_front\cast_ok_0_1692.jpeg,normal
data\raw\casting_data\train\ok_front\cast_ok_0_1693.jpeg,normal
data\raw\casting_data\train\ok_front\cast_ok_0_170.jpeg,normal
data\raw\casting_data\train\ok_front\cast_ok_0_1704.jpeg,normal
data\raw\casting_data\train\ok_front\cast_ok_0_171.jpeg,normal
data\raw\casting_data\train\ok_front\cast_ok_0_1717.jpeg,normal
data\raw\casting_data\train\ok_front\cast_ok_0_1720.jpeg,normal
data\raw\casting_data\train\ok_front\cast_ok_0_1723.jpeg,normal
data\raw\casting_data\train\ok_front\cast_ok_0_1728.jpeg,normal
data\raw\casting_data\train\ok_front\cast_ok_0_1730.jpeg,normal
data\raw\casting_data\train\ok_front\cast_ok_0_1739.jpeg,normal
data\raw\casting_data\train\ok_front\cast_ok_0_1742.jpeg,normal
data\raw\casting_data\train\ok_front\cast_ok_0_1745.jpeg,normal
data\raw\casting_data\train\ok_front\cast_ok_0_1747.jpeg,normal
data\raw\casting_data\train\ok_front\cast_ok_0_175.jpeg,normal
data\raw\casting_data\train\ok_front\cast_ok_0_1754.jpeg,normal
data\raw\casting_data\train\ok_front\cast_ok_0_1755.jpeg,normal
data\raw\casting_data\train\ok_front\cast_ok_0_1756.jpeg,normal
data\raw\casting_data\train\ok_front\cast_ok_0_1763.jpeg,normal
data\raw\casting_data\train\ok_front\cast_ok_0_1765.jpeg,normal
data\raw\casting_data\train\ok_front\cast_ok_0_1770.jpeg,normal
data\raw\casting_data\train\ok_front\cast_ok_0_1771.jpeg,normal
data\raw\casting_data\train\ok_front\cast_ok_0_1781.jpeg,normal
data\raw\casting_data\train\ok_front\cast_ok_0_1782.jpeg,normal
data\raw\casting_data\train\ok_front\cast_ok_0_1783.jpeg,normal
data\raw\casting_data\train\ok_front\cast_ok_0_1784.jpeg,normal
data\raw\casting_data\train\ok_front\cast_ok_0_1785.jpeg,normal
data\raw\casting_data\train\ok_front\cast_ok_0_1791.jpeg,normal
data\raw\casting_data\train\ok_front\cast_ok_0_1792.jpeg,normal
data\raw\casting_data\train\ok_front\cast_ok_0_1795.jpeg,normal
data\raw\casting_data\train\ok_front\cast_ok_0_1797.jpeg,normal
data\raw\casting_data\train\ok_front\cast_ok_0_1802.jpeg,normal
data\raw\casting_data\train\ok_front\cast_ok_0_1805.jpeg,normal
data\raw\casting_data\train\ok_front\cast_ok_0_1807.jpeg,normal
data\raw\casting_data\train\ok_front\cast_ok_0_1815.jpeg,normal
data\raw\casting_data\train\ok_front\cast_ok_0_1835.jpeg,normal
data\raw\casting_data\train\ok_front\cast_ok_0_1839.jpeg,normal
data\raw\casting_data\train\ok_front\cast_ok_0_184.jpeg,normal
data\raw\casting_data\train\ok_front\cast_ok_0_1841.jpeg,normal
data\raw\casting_data\train\ok_front\cast_ok_0_1851.jpeg,normal
data\raw\casting_data\train\ok_front\cast_ok_0_1856.jpeg,normal
data\raw\casting_data\train\ok_front\cast_ok_0_1858.jpeg,normal
data\raw\casting_data\train\ok_front\cast_ok_0_1859.jpeg,normal
data\raw\casting_data\train\ok_front\cast_ok_0_186.jpeg,normal
data\raw\casting_data\train\ok_front\cast_ok_0_1869.jpeg,normal
data\raw\casting_data\train\ok_front\cast_ok_0_1879.jpeg,normal
data\raw\casting_data\train\ok_front\cast_ok_0_188.jpeg,normal
data\raw\casting_data\train\ok_front\cast_ok_0_1883.jpeg,normal
data\raw\casting_data\train\ok_front\cast_ok_0_1885.jpeg,normal
data\raw\casting_data\train\ok_front\cast_ok_0_189.jpeg,normal
data\raw\casting_data\train\ok_front\cast_ok_0_1891.jpeg,normal
data\raw\casting_data\train\ok_front\cast_ok_0_1892.jpeg,normal
data\raw\casting_data\train\ok_front\cast_ok_0_19.jpeg,normal
data\raw\casting_data\train\ok_front\cast_ok_0_1900.jpeg,normal
data\raw\casting_data\train\ok_front\cast_ok_0_1902.jpeg,normal
data\raw\casting_data\train\ok_front\cast_ok_0_1907.jpeg,normal
data\raw\casting_data\train\ok_front\cast_ok_0_1917.jpeg,normal
data\raw\casting_data\train\ok_front\cast_ok_0_1918.jpeg,normal
data\raw\casting_data\train\ok_front\cast_ok_0_1921.jpeg,normal
data\raw\casting_data\train\ok_front\cast_ok_0_193.jpeg,normal
data\raw\casting_data\train\ok_front\cast_ok_0_1933.jpeg,normal
data\raw\casting_data\train\ok_front\cast_ok_0_1937.jpeg,normal
data\raw\casting_data\train\ok_front\cast_ok_0_1941.jpeg,normal
data\raw\casting_data\train\ok_front\cast_ok_0_1943.jpeg,normal
data\raw\casting_data\train\ok_front\cast_ok_0_1953.jpeg,normal
data\raw\casting_data\train\ok_front\cast_ok_0_1957.jpeg,normal
data\raw\casting_data\train\ok_front\cast_ok_0_196.jpeg,normal
data\raw\casting_data\train\ok_front\cast_ok_0_1961.jpeg,normal
data\raw\casting_data\train\ok_front\cast_ok_0_1962.jpeg,normal
data\raw\casting_data\train\ok_front\cast_ok_0_1963.jpeg,normal
data\raw\casting_data\train\ok_front\cast_ok_0_1970.jpeg,normal
data\raw\casting_data\train\ok_front\cast_ok_0_1976.jpeg,normal
data\raw\casting_data\train\ok_front\cast_ok_0_1978.jpeg,normal
data\raw\casting_data\train\ok_front\cast_ok_0_1979.jpeg,normal
data\raw\casting_data\train\ok_front\cast_ok_0_198.jpeg,normal
data\raw\casting_data\train\ok_front\cast_ok_0_1986.jpeg,normal
data\raw\casting_data\train\ok_front\cast_ok_0_1987.jpeg,normal
data\raw\casting_data\train\ok_front\cast_ok_0_1989.jpeg,normal
data\raw\casting_data\train\ok_front\cast_ok_0_2002.jpeg,normal
data\raw\casting_data\train\ok_front\cast_ok_0_2016.jpeg,normal
data\raw\casting_data\train\ok_front\cast_ok_0_2022.jpeg,normal
data\raw\casting_data\train\ok_front\cast_ok_0_2024.jpeg,normal
data\raw\casting_data\train\ok_front\cast_ok_0_2026.jpeg,normal
data\raw\casting_data\train\ok_front\cast_ok_0_2033.jpeg,normal
data\raw\casting_data\train\ok_front\cast_ok_0_2042.jpeg,normal
data\raw\casting_data\train\ok_front\cast_ok_0_2049.jpeg,normal
data\raw\casting_data\train\ok_front\cast_ok_0_205.jpeg,normal
data\raw\casting_data\train\ok_front\cast_ok_0_2050.jpeg,normal
data\raw\casting_data\train\ok_front\cast_ok_0_2051.jpeg,normal
data\raw\casting_data\train\ok_front\cast_ok_0_2052.jpeg,normal
data\raw\casting_data\train\ok_front\cast_ok_0_2053.jpeg,normal
data\raw\casting_data\train\ok_front\cast_ok_0_2056.jpeg,normal
data\raw\casting_data\train\ok_front\cast_ok_0_2057.jpeg,normal
data\raw\casting_data\train\ok_front\cast_ok_0_2058.jpeg,normal
data\raw\casting_data\train\ok_front\cast_ok_0_2062.jpeg,normal
data\raw\casting_data\train\ok_front\cast_ok_0_2068.jpeg,normal
data\raw\casting_data\train\ok_front\cast_ok_0_2077.jpeg,normal
data\raw\casting_data\train\ok_front\cast_ok_0_2078.jpeg,normal
data\raw\casting_data\train\ok_front\cast_ok_0_2082.jpeg,normal
data\raw\casting_data\train\ok_front\cast_ok_0_2083.jpeg,normal
data\raw\casting_data\train\ok_front\cast_ok_0_2084.jpeg,normal
data\raw\casting_data\train\ok_front\cast_ok_0_2085.jpeg,normal
data\raw\casting_data\train\ok_front\cast_ok_0_2094.jpeg,normal
data\raw\casting_data\train\ok_front\cast_ok_0_2098.jpeg,normal
data\raw\casting_data\train\ok_front\cast_ok_0_2099.jpeg,normal
data\raw\casting_data\train\ok_front\cast_ok_0_2100.jpeg,normal
data\raw\casting_data\train\ok_front\cast_ok_0_2109.jpeg,normal
data\raw\casting_data\train\ok_front\cast_ok_0_2110.jpeg,normal
data\raw\casting_data\train\ok_front\cast_ok_0_2118.jpeg,normal
data\raw\casting_data\train\ok_front\cast_ok_0_213.jpeg,normal
data\raw\casting_data\train\ok_front\cast_ok_0_2132.jpeg,normal
data\raw\casting_data\train\ok_front\cast_ok_0_2134.jpeg,normal
data\raw\casting_data\train\ok_front\cast_ok_0_2136.jpeg,normal
data\raw\casting_data\train\ok_front\cast_ok_0_2138.jpeg,normal
data\raw\casting_data\train\ok_front\cast_ok_0_2141.jpeg,normal
data\raw\casting_data\train\ok_front\cast_ok_0_2144.jpeg,normal
data\raw\casting_data\train\ok_front\cast_ok_0_2156.jpeg,normal
data\raw\casting_data\train\ok_front\cast_ok_0_2160.jpeg,normal
data\raw\casting_data\train\ok_front\cast_ok_0_2164.jpeg,normal
data\raw\casting_data\train\ok_front\cast_ok_0_2169.jpeg,normal
data\raw\casting_data\train\ok_front\cast_ok_0_2170.jpeg,normal
data\raw\casting_data\train\ok_front\cast_ok_0_2182.jpeg,normal
data\raw\casting_data\train\ok_front\cast_ok_0_2190.jpeg,normal
data\raw\casting_data\train\ok_front\cast_ok_0_2194.jpeg,normal
data\raw\casting_data\train\ok_front\cast_ok_0_2195.jpeg,normal
data\raw\casting_data\train\ok_front\cast_ok_0_22.jpeg,normal
data\raw\casting_data\train\ok_front\cast_ok_0_2201.jpeg,normal
data\raw\casting_data\train\ok_front\cast_ok_0_2207.jpeg,normal
data\raw\casting_data\train\ok_front\cast_ok_0_2218.jpeg,normal
data\raw\casting_data\train\ok_front\cast_ok_0_2219.jpeg,normal
data\raw\casting_data\train\ok_front\cast_ok_0_2227.jpeg,normal
data\raw\casting_data\train\ok_front\cast_ok_0_2233.jpeg,normal
data\raw\casting_data\train\ok_front\cast_ok_0_2237.jpeg,normal
data\raw\casting_data\train\ok_front\cast_ok_0_2238.jpeg,normal
data\raw\casting_data\train\ok_front\cast_ok_0_2249.jpeg,normal
data\raw\casting_data\train\ok_front\cast_ok_0_2250.jpeg,normal
data\raw\casting_data\train\ok_front\cast_ok_0_2258.jpeg,normal
data\raw\casting_data\train\ok_front\cast_ok_0_2262.jpeg,normal
data\raw\casting_data\train\ok_front\cast_ok_0_2266.jpeg,normal
data\raw\casting_data\train\ok_front\cast_ok_0_2269.jpeg,normal
data\raw\casting_data\train\ok_front\cast_ok_0_2270.jpeg,normal
data\raw\casting_data\train\ok_front\cast_ok_0_2273.jpeg,normal
data\raw\casting_data\train\ok_front\cast_ok_0_2277.jpeg,normal
data\raw\casting_data\train\ok_front\cast_ok_0_2278.jpeg,normal
data\raw\casting_data\train\ok_front\cast_ok_0_2290.jpeg,normal
data\raw\casting_data\train\ok_front\cast_ok_0_2296.jpeg,normal
data\raw\casting_data\train\ok_front\cast_ok_0_2306.jpeg,normal
data\raw\casting_data\train\ok_front\cast_ok_0_2307.jpeg,normal
data\raw\casting_data\train\ok_front\cast_ok_0_2310.jpeg,normal
data\raw\casting_data\train\ok_front\cast_ok_0_2315.jpeg,normal
data\raw\casting_data\train\ok_front\cast_ok_0_2317.jpeg,normal
data\raw\casting_data\train\ok_front\cast_ok_0_2318.jpeg,normal
data\raw\casting_data\train\ok_front\cast_ok_0_2323.jpeg,normal
data\raw\casting_data\train\ok_front\cast_ok_0_2326.jpeg,normal
data\raw\casting_data\train\ok_front\cast_ok_0_2327.jpeg,normal
data\raw\casting_data\train\ok_front\cast_ok_0_233.jpeg,normal
data\raw\casting_data\train\ok_front\cast_ok_0_2330.jpeg,normal
data\raw\casting_data\train\ok_front\cast_ok_0_2333.jpeg,normal
data\raw\casting_data\train\ok_front\cast_ok_0_2336.jpeg,normal
data\raw\casting_data\train\ok_front\cast_ok_0_2349.jpeg,normal
data\raw\casting_data\train\ok_front\cast_ok_0_2350.jpeg,normal
data\raw\casting_data\train\ok_front\cast_ok_0_2365.jpeg,normal
data\raw\casting_data\train\ok_front\cast_ok_0_2372.jpeg,normal
data\raw\casting_data\train\ok_front\cast_ok_0_2373.jpeg,normal
data\raw\casting_data\train\ok_front\cast_ok_0_2379.jpeg,normal
data\raw\casting_data\train\ok_front\cast_ok_0_2383.jpeg,normal
data\raw\casting_data\train\ok_front\cast_ok_0_239.jpeg,normal
data\raw\casting_data\train\ok_front\cast_ok_0_2390.jpeg,normal
data\raw\casting_data\train\ok_front\cast_ok_0_2392.jpeg,normal
data\raw\casting_data\train\ok_front\cast_ok_0_2393.jpeg,normal
data\raw\casting_data\train\ok_front\cast_ok_0_2394.jpeg,normal
data\raw\casting_data\train\ok_front\cast_ok_0_2401.jpeg,normal
data\raw\casting_data\train\ok_front\cast_ok_0_2402.jpeg,normal
data\raw\casting_data\train\ok_front\cast_ok_0_2404.jpeg,normal
data\raw\casting_data\train\ok_front\cast_ok_0_2427.jpeg,normal
data\raw\casting_data\train\ok_front\cast_ok_0_2431.jpeg,normal
data\raw\casting_data\train\ok_front\cast_ok_0_2438.jpeg,normal
data\raw\casting_data\train\ok_front\cast_ok_0_244.jpeg,normal
data\raw\casting_data\train\ok_front\cast_ok_0_2447.jpeg,normal
data\raw\casting_data\train\ok_front\cast_ok_0_2459.jpeg,normal
data\raw\casting_data\train\ok_front\cast_ok_0_2460.jpeg,normal
data\raw\casting_data\train\ok_front\cast_ok_0_2461.jpeg,normal
data\raw\casting_data\train\ok_front\cast_ok_0_2474.jpeg,normal
data\raw\casting_data\train\ok_front\cast_ok_0_2477.jpeg,normal
data\raw\casting_data\train\ok_front\cast_ok_0_248.jpeg,normal
data\raw\casting_data\train\ok_front\cast_ok_0_2480.jpeg,normal
data\raw\casting_data\train\ok_front\cast_ok_0_2482.jpeg,normal
data\raw\casting_data\train\ok_front\cast_ok_0_249.jpeg,normal
data\raw\casting_data\train\ok_front\cast_ok_0_2491.jpeg,normal
data\raw\casting_data\train\ok_front\cast_ok_0_2492.jpeg,normal
data\raw\casting_data\train\ok_front\cast_ok_0_2497.jpeg,normal
data\raw\casting_data\train\ok_front\cast_ok_0_250.jpeg,normal
data\raw\casting_data\train\ok_front\cast_ok_0_2502.jpeg,normal
data\raw\casting_data\train\ok_front\cast_ok_0_2515.jpeg,normal
data\raw\casting_data\train\ok_front\cast_ok_0_2517.jpeg,normal
data\raw\casting_data\train\ok_front\cast_ok_0_2521.jpeg,normal
data\raw\casting_data\train\ok_front\cast_ok_0_2523.jpeg,normal
data\raw\casting_data\train\ok_front\cast_ok_0_2524.jpeg,normal
data\raw\casting_data\train\ok_front\cast_ok_0_2529.jpeg,normal
data\raw\casting_data\train\ok_front\cast_ok_0_2539.jpeg,normal
data\raw\casting_data\train\ok_front\cast_ok_0_2541.jpeg,normal
data\raw\casting_data\train\ok_front\cast_ok_0_2542.jpeg,normal
data\raw\casting_data\train\ok_front\cast_ok_0_2550.jpeg,normal
data\raw\casting_data\train\ok_front\cast_ok_0_2562.jpeg,normal
data\raw\casting_data\train\ok_front\cast_ok_0_2564.jpeg,normal
data\raw\casting_data\train\ok_front\cast_ok_0_2567.jpeg,normal
data\raw\casting_data\train\ok_front\cast_ok_0_2580.jpeg,normal
data\raw\casting_data\train\ok_front\cast_ok_0_2589.jpeg,normal
data\raw\casting_data\train\ok_front\cast_ok_0_2608.jpeg,normal
data\raw\casting_data\train\ok_front\cast_ok_0_2613.jpeg,normal
data\raw\casting_data\train\ok_front\cast_ok_0_2614.jpeg,normal
data\raw\casting_data\train\ok_front\cast_ok_0_262.jpeg,normal
data\raw\casting_data\train\ok_front\cast_ok_0_2623.jpeg,normal
data\raw\casting_data\train\ok_front\cast_ok_0_2626.jpeg,normal
data\raw\casting_data\train\ok_front\cast_ok_0_2631.jpeg,normal
data\raw\casting_data\train\ok_front\cast_ok_0_2635.jpeg,normal
data\raw\casting_data\train\ok_front\cast_ok_0_2642.jpeg,normal
data\raw\casting_data\train\ok_front\cast_ok_0_266.jpeg,normal
data\raw\casting_data\train\ok_front\cast_ok_0_2664.jpeg,normal
data\raw\casting_data\train\ok_front\cast_ok_0_2665.jpeg,normal
data\raw\casting_data\train\ok_front\cast_ok_0_2671.jpeg,normal
data\raw\casting_data\train\ok_front\cast_ok_0_2680.jpeg,normal
data\raw\casting_data\train\ok_front\cast_ok_0_2685.jpeg,normal
data\raw\casting_data\train\ok_front\cast_ok_0_271.jpeg,normal
data\raw\casting_data\train\ok_front\cast_ok_0_2719.jpeg,normal
data\raw\casting_data\train\ok_front\cast_ok_0_2721.jpeg,normal
data\raw\casting_data\train\ok_front\cast_ok_0_2742.jpeg,normal
data\raw\casting_data\train\ok_front\cast_ok_0_2749.jpeg,normal
data\raw\casting_data\train\ok_front\cast_ok_0_2750.jpeg,normal
data\raw\casting_data\train\ok_front\cast_ok_0_2779.jpeg,normal
data\raw\casting_data\train\ok_front\cast_ok_0_2783.jpeg,normal
data\raw\casting_data\train\ok_front\cast_ok_0_28.jpeg,normal
data\raw\casting_data\train\ok_front\cast_ok_0_2813.jpeg,normal
data\raw\casting_data\train\ok_front\cast_ok_0_2816.jpeg,normal
data\raw\casting_data\train\ok_front\cast_ok_0_2818.jpeg,normal
data\raw\casting_data\train\ok_front\cast_ok_0_2824.jpeg,normal
data\raw\casting_data\train\ok_front\cast_ok_0_284.jpeg,normal
data\raw\casting_data\train\ok_front\cast_ok_0_2856.jpeg,normal
data\raw\casting_data\train\ok_front\cast_ok_0_286.jpeg,normal
data\raw\casting_data\train\ok_front\cast_ok_0_2862.jpeg,normal
data\raw\casting_data\train\ok_front\cast_ok_0_29.jpeg,normal
data\raw\casting_data\train\ok_front\cast_ok_0_2908.jpeg,normal
data\raw\casting_data\train\ok_front\cast_ok_0_2910.jpeg,normal
data\raw\casting_data\train\ok_front\cast_ok_0_2936.jpeg,normal
data\raw\casting_data\train\ok_front\cast_ok_0_2941.jpeg,normal
data\raw\casting_data\train\ok_front\cast_ok_0_2948.jpeg,normal
data\raw\casting_data\train\ok_front\cast_ok_0_2958.jpeg,normal
data\raw\casting_data\train\ok_front\cast_ok_0_2959.jpeg,normal
data\raw\casting_data\train\ok_front\cast_ok_0_296.jpeg,normal
data\raw\casting_data\train\ok_front\cast_ok_0_2961.jpeg,normal
data\raw\casting_data\train\ok_front\cast_ok_0_2963.jpeg,normal
data\raw\casting_data\train\ok_front\cast_ok_0_2971.jpeg,normal
data\raw\casting_data\train\ok_front\cast_ok_0_2974.jpeg,normal
data\raw\casting_data\train\ok_front\cast_ok_0_2976.jpeg,normal
data\raw\casting_data\train\ok_front\cast_ok_0_298.jpeg,normal
data\raw\casting_data\train\ok_front\cast_ok_0_2982.jpeg,normal
data\raw\casting_data\train\ok_front\cast_ok_0_2988.jpeg,normal
data\raw\casting_data\train\ok_front\cast_ok_0_2996.jpeg,normal
data\raw\casting_data\train\ok_front\cast_ok_0_2997.jpeg,normal
data\raw\casting_data\train\ok_front\cast_ok_0_2999.jpeg,normal
data\raw\casting_data\train\ok_front\cast_ok_0_300.jpeg,normal
data\raw\casting_data\train\ok_front\cast_ok_0_3002.jpeg,normal
data\raw\casting_data\train\ok_front\cast_ok_0_3009.jpeg,normal
data\raw\casting_data\train\ok_front\cast_ok_0_3016.jpeg,normal
data\raw\casting_data\train\ok_front\cast_ok_0_3018.jpeg,normal
data\raw\casting_data\train\ok_front\cast_ok_0_302.jpeg,normal
data\raw\casting_data\train\ok_front\cast_ok_0_3022.jpeg,normal
data\raw\casting_data\train\ok_front\cast_ok_0_3027.jpeg,normal
data\raw\casting_data\train\ok_front\cast_ok_0_3033.jpeg,normal
data\raw\casting_data\train\ok_front\cast_ok_0_3043.jpeg,normal
data\raw\casting_data\train\ok_front\cast_ok_0_3047.jpeg,normal
data\raw\casting_data\train\ok_front\cast_ok_0_3059.jpeg,normal
data\raw\casting_data\train\ok_front\cast_ok_0_3060.jpeg,normal
data\raw\casting_data\train\ok_front\cast_ok_0_3064.jpeg,normal
data\raw\casting_data\train\ok_front\cast_ok_0_3065.jpeg,normal
data\raw\casting_data\train\ok_front\cast_ok_0_307.jpeg,normal
data\raw\casting_data\train\ok_front\cast_ok_0_3076.jpeg,normal
data\raw\casting_data\train\ok_front\cast_ok_0_3080.jpeg,normal
data\raw\casting_data\train\ok_front\cast_ok_0_3083.jpeg,normal
data\raw\casting_data\train\ok_front\cast_ok_0_3086.jpeg,normal
data\raw\casting_data\train\ok_front\cast_ok_0_3094.jpeg,normal
data\raw\casting_data\train\ok_front\cast_ok_0_3096.jpeg,normal
data\raw\casting_data\train\ok_front\cast_ok_0_3103.jpeg,normal
data\raw\casting_data\train\ok_front\cast_ok_0_3112.jpeg,normal
data\raw\casting_data\train\ok_front\cast_ok_0_3114.jpeg,normal
data\raw\casting_data\train\ok_front\cast_ok_0_3115.jpeg,normal
data\raw\casting_data\train\ok_front\cast_ok_0_3117.jpeg,normal
data\raw\casting_data\train\ok_front\cast_ok_0_3130.jpeg,normal
data\raw\casting_data\train\ok_front\cast_ok_0_3136.jpeg,normal
data\raw\casting_data\train\ok_front\cast_ok_0_3141.jpeg,normal
data\raw\casting_data\train\ok_front\cast_ok_0_3144.jpeg,normal
data\raw\casting_data\train\ok_front\cast_ok_0_3149.jpeg,normal
data\raw\casting_data\train\ok_front\cast_ok_0_3153.jpeg,normal
data\raw\casting_data\train\ok_front\cast_ok_0_3156.jpeg,normal
data\raw\casting_data\train\ok_front\cast_ok_0_3158.jpeg,normal
data\raw\casting_data\train\ok_front\cast_ok_0_3168.jpeg,normal
data\raw\casting_data\train\ok_front\cast_ok_0_3170.jpeg,normal
data\raw\casting_data\train\ok_front\cast_ok_0_3185.jpeg,normal
data\raw\casting_data\train\ok_front\cast_ok_0_3186.jpeg,normal
data\raw\casting_data\train\ok_front\cast_ok_0_3187.jpeg,normal
data\raw\casting_data\train\ok_front\cast_ok_0_3193.jpeg,normal
data\raw\casting_data\train\ok_front\cast_ok_0_3201.jpeg,normal
data\raw\casting_data\train\ok_front\cast_ok_0_3206.jpeg,normal
data\raw\casting_data\train\ok_front\cast_ok_0_3210.jpeg,normal
data\raw\casting_data\train\ok_front\cast_ok_0_3216.jpeg,normal
data\raw\casting_data\train\ok_front\cast_ok_0_3220.jpeg,normal
data\raw\casting_data\train\ok_front\cast_ok_0_3225.jpeg,normal
data\raw\casting_data\train\ok_front\cast_ok_0_3230.jpeg,normal
data\raw\casting_data\train\ok_front\cast_ok_0_3232.jpeg,normal
data\raw\casting_data\train\ok_front\cast_ok_0_3234.jpeg,normal
data\raw\casting_data\train\ok_front\cast_ok_0_3243.jpeg,normal
data\raw\casting_data\train\ok_front\cast_ok_0_3250.jpeg,normal
data\raw\casting_data\train\ok_front\cast_ok_0_3251.jpeg,normal
data\raw\casting_data\train\ok_front\cast_ok_0_3254.jpeg,normal
data\raw\casting_data\train\ok_front\cast_ok_0_3255.jpeg,normal
data\raw\casting_data\train\ok_front\cast_ok_0_327.jpeg,normal
data\raw\casting_data\train\ok_front\cast_ok_0_3272.jpeg,normal
data\raw\casting_data\train\ok_front\cast_ok_0_3274.jpeg,normal
data\raw\casting_data\train\ok_front\cast_ok_0_3281.jpeg,normal
data\raw\casting_data\train\ok_front\cast_ok_0_3285.jpeg,normal
data\raw\casting_data\train\ok_front\cast_ok_0_3287.jpeg,normal
data\raw\casting_data\train\ok_front\cast_ok_0_3290.jpeg,normal
data\raw\casting_data\train\ok_front\cast_ok_0_3298.jpeg,normal
data\raw\casting_data\train\ok_front\cast_ok_0_3304.jpeg,normal
data\raw\casting_data\train\ok_front\cast_ok_0_3305.jpeg,normal
data\raw\casting_data\train\ok_front\cast_ok_0_3307.jpeg,normal
data\raw\casting_data\train\ok_front\cast_ok_0_331.jpeg,normal
data\raw\casting_data\train\ok_front\cast_ok_0_3311.jpeg,normal
data\raw\casting_data\train\ok_front\cast_ok_0_3315.jpeg,normal
data\raw\casting_data\train\ok_front\cast_ok_0_3321.jpeg,normal
data\raw\casting_data\train\ok_front\cast_ok_0_3324.jpeg,normal
data\raw\casting_data\train\ok_front\cast_ok_0_3326.jpeg,normal
data\raw\casting_data\train\ok_front\cast_ok_0_3334.jpeg,normal
data\raw\casting_data\train\ok_front\cast_ok_0_3346.jpeg,normal
data\raw\casting_data\train\ok_front\cast_ok_0_3348.jpeg,normal
data\raw\casting_data\train\ok_front\cast_ok_0_3349.jpeg,normal
data\raw\casting_data\train\ok_front\cast_ok_0_3362.jpeg,normal
data\raw\casting_data\train\ok_front\cast_ok_0_3363.jpeg,normal
data\raw\casting_data\train\ok_front\cast_ok_0_3378.jpeg,normal
data\raw\casting_data\train\ok_front\cast_ok_0_3381.jpeg,normal
data\raw\casting_data\train\ok_front\cast_ok_0_3383.jpeg,normal
data\raw\casting_data\train\ok_front\cast_ok_0_339.jpeg,normal
data\raw\casting_data\train\ok_front\cast_ok_0_3392.jpeg,normal
data\raw\casting_data\train\ok_front\cast_ok_0_3399.jpeg,normal
data\raw\casting_data\train\ok_front\cast_ok_0_34.jpeg,normal
data\raw\casting_data\train\ok_front\cast_ok_0_3416.jpeg,normal
data\raw\casting_data\train\ok_front\cast_ok_0_3426.jpeg,normal
data\raw\casting_data\train\ok_front\cast_ok_0_3433.jpeg,normal
data\raw\casting_data\train\ok_front\cast_ok_0_3434.jpeg,normal
data\raw\casting_data\train\ok_front\cast_ok_0_3436.jpeg,normal
data\raw\casting_data\train\ok_front\cast_ok_0_3440.jpeg,normal
data\raw\casting_data\train\ok_front\cast_ok_0_3449.jpeg,normal
data\raw\casting_data\train\ok_front\cast_ok_0_345.jpeg,normal
data\raw\casting_data\train\ok_front\cast_ok_0_3450.jpeg,normal
data\raw\casting_data\train\ok_front\cast_ok_0_3454.jpeg,normal
data\raw\casting_data\train\ok_front\cast_ok_0_3457.jpeg,normal
data\raw\casting_data\train\ok_front\cast_ok_0_3459.jpeg,normal
data\raw\casting_data\train\ok_front\cast_ok_0_346.jpeg,normal
data\raw\casting_data\train\ok_front\cast_ok_0_3460.jpeg,normal
data\raw\casting_data\train\ok_front\cast_ok_0_3463.jpeg,normal
data\raw\casting_data\train\ok_front\cast_ok_0_3464.jpeg,normal
data\raw\casting_data\train\ok_front\cast_ok_0_3469.jpeg,normal
data\raw\casting_data\train\ok_front\cast_ok_0_3470.jpeg,normal
data\raw\casting_data\train\ok_front\cast_ok_0_3472.jpeg,normal
data\raw\casting_data\train\ok_front\cast_ok_0_349.jpeg,normal
data\raw\casting_data\train\ok_front\cast_ok_0_3495.jpeg,normal
data\raw\casting_data\train\ok_front\cast_ok_0_350.jpeg,normal
data\raw\casting_data\train\ok_front\cast_ok_0_3500.jpeg,normal
data\raw\casting_data\train\ok_front\cast_ok_0_3501.jpeg,normal
data\raw\casting_data\train\ok_front\cast_ok_0_3508.jpeg,normal
data\raw\casting_data\train\ok_front\cast_ok_0_3509.jpeg,normal
data\raw\casting_data\train\ok_front\cast_ok_0_3519.jpeg,normal
data\raw\casting_data\train\ok_front\cast_ok_0_3520.jpeg,normal
data\raw\casting_data\train\ok_front\cast_ok_0_3522.jpeg,normal
data\raw\casting_data\train\ok_front\cast_ok_0_3544.jpeg,normal
data\raw\casting_data\train\ok_front\cast_ok_0_3547.jpeg,normal
data\raw\casting_data\train\ok_front\cast_ok_0_3548.jpeg,normal
data\raw\casting_data\train\ok_front\cast_ok_0_357.jpeg,normal
data\raw\casting_data\train\ok_front\cast_ok_0_3573.jpeg,normal
data\raw\casting_data\train\ok_front\cast_ok_0_3574.jpeg,normal
data\raw\casting_data\train\ok_front\cast_ok_0_3575.jpeg,normal
data\raw\casting_data\train\ok_front\cast_ok_0_3576.jpeg,normal
data\raw\casting_data\train\ok_front\cast_ok_0_3578.jpeg,normal
data\raw\casting_data\train\ok_front\cast_ok_0_3581.jpeg,normal
data\raw\casting_data\train\ok_front\cast_ok_0_3582.jpeg,normal
data\raw\casting_data\train\ok_front\cast_ok_0_3588.jpeg,normal
data\raw\casting_data\train\ok_front\cast_ok_0_3593.jpeg,normal
data\raw\casting_data\train\ok_front\cast_ok_0_360.jpeg,normal
data\raw\casting_data\train\ok_front\cast_ok_0_3600.jpeg,normal
data\raw\casting_data\train\ok_front\cast_ok_0_3602.jpeg,normal
data\raw\casting_data\train\ok_front\cast_ok_0_3605.jpeg,normal
data\raw\casting_data\train\ok_front\cast_ok_0_3607.jpeg,normal
data\raw\casting_data\train\ok_front\cast_ok_0_361.jpeg,normal
data\raw\casting_data\train\ok_front\cast_ok_0_3616.jpeg,normal
data\raw\casting_data\train\ok_front\cast_ok_0_3617.jpeg,normal
data\raw\casting_data\train\ok_front\cast_ok_0_362.jpeg,normal
data\raw\casting_data\train\ok_front\cast_ok_0_3626.jpeg,normal
data\raw\casting_data\train\ok_front\cast_ok_0_3628.jpeg,normal
data\raw\casting_data\train\ok_front\cast_ok_0_3634.jpeg,normal
data\raw\casting_data\train\ok_front\cast_ok_0_3639.jpeg,normal
data\raw\casting_data\train\ok_front\cast_ok_0_364.jpeg,normal
data\raw\casting_data\train\ok_front\cast_ok_0_3640.jpeg,normal
data\raw\casting_data\train\ok_front\cast_ok_0_3642.jpeg,normal
data\raw\casting_data\train\ok_front\cast_ok_0_3645.jpeg,normal
data\raw\casting_data\train\ok_front\cast_ok_0_3646.jpeg,normal
data\raw\casting_data\train\ok_front\cast_ok_0_3655.jpeg,normal
data\raw\casting_data\train\ok_front\cast_ok_0_3659.jpeg,normal
data\raw\casting_data\train\ok_front\cast_ok_0_3660.jpeg,normal
data\raw\casting_data\train\ok_front\cast_ok_0_3662.jpeg,normal
data\raw\casting_data\train\ok_front\cast_ok_0_3668.jpeg,normal
data\raw\casting_data\train\ok_front\cast_ok_0_367.jpeg,normal
data\raw\casting_data\train\ok_front\cast_ok_0_3674.jpeg,normal
data\raw\casting_data\train\ok_front\cast_ok_0_3675.jpeg,normal
data\raw\casting_data\train\ok_front\cast_ok_0_3677.jpeg,normal
data\raw\casting_data\train\ok_front\cast_ok_0_3689.jpeg,normal
data\raw\casting_data\train\ok_front\cast_ok_0_369.jpeg,normal
data\raw\casting_data\train\ok_front\cast_ok_0_3691.jpeg,normal
data\raw\casting_data\train\ok_front\cast_ok_0_3692.jpeg,normal
data\raw\casting_data\train\ok_front\cast_ok_0_3694.jpeg,normal
data\raw\casting_data\train\ok_front\cast_ok_0_3699.jpeg,normal
data\raw\casting_data\train\ok_front\cast_ok_0_3701.jpeg,normal
data\raw\casting_data\train\ok_front\cast_ok_0_3711.jpeg,normal
data\raw\casting_data\train\ok_front\cast_ok_0_3727.jpeg,normal
data\raw\casting_data\train\ok_front\cast_ok_0_3732.jpeg,normal
data\raw\casting_data\train\ok_front\cast_ok_0_3734.jpeg,normal
data\raw\casting_data\train\ok_front\cast_ok_0_3737.jpeg,normal
data\raw\casting_data\train\ok_front\cast_ok_0_3742.jpeg,normal
data\raw\casting_data\train\ok_front\cast_ok_0_3752.jpeg,normal
data\raw\casting_data\train\ok_front\cast_ok_0_376.jpeg,normal
data\raw\casting_data\train\ok_front\cast_ok_0_3760.jpeg,normal
data\raw\casting_data\train\ok_front\cast_ok_0_3763.jpeg,normal
data\raw\casting_data\train\ok_front\cast_ok_0_3764.jpeg,normal
data\raw\casting_data\train\ok_front\cast_ok_0_3769.jpeg,normal
data\raw\casting_data\train\ok_front\cast_ok_0_3770.jpeg,normal
data\raw\casting_data\train\ok_front\cast_ok_0_3774.jpeg,normal
data\raw\casting_data\train\ok_front\cast_ok_0_3775.jpeg,normal
data\raw\casting_data\train\ok_front\cast_ok_0_3777.jpeg,normal
data\raw\casting_data\train\ok_front\cast_ok_0_3778.jpeg,normal
data\raw\casting_data\train\ok_front\cast_ok_0_3779.jpeg,normal
data\raw\casting_data\train\ok_front\cast_ok_0_3791.jpeg,normal
data\raw\casting_data\train\ok_front\cast_ok_0_3799.jpeg,normal
data\raw\casting_data\train\ok_front\cast_ok_0_3805.jpeg,normal
data\raw\casting_data\train\ok_front\cast_ok_0_3812.jpeg,normal
data\raw\casting_data\train\ok_front\cast_ok_0_3819.jpeg,normal
data\raw\casting_data\train\ok_front\cast_ok_0_3825.jpeg,normal
data\raw\casting_data\train\ok_front\cast_ok_0_3827.jpeg,normal
data\raw\casting_data\train\ok_front\cast_ok_0_3829.jpeg,normal
data\raw\casting_data\train\ok_front\cast_ok_0_3834.jpeg,normal
data\raw\casting_data\train\ok_front\cast_ok_0_3839.jpeg,normal
data\raw\casting_data\train\ok_front\cast_ok_0_3842.jpeg,normal
data\raw\casting_data\train\ok_front\cast_ok_0_3843.jpeg,normal
data\raw\casting_data\train\ok_front\cast_ok_0_3852.jpeg,normal
data\raw\casting_data\train\ok_front\cast_ok_0_3853.jpeg,normal
data\raw\casting_data\train\ok_front\cast_ok_0_3858.jpeg,normal
data\raw\casting_data\train\ok_front\cast_ok_0_3859.jpeg,normal
data\raw\casting_data\train\ok_front\cast_ok_0_3861.jpeg,normal
data\raw\casting_data\train\ok_front\cast_ok_0_3865.jpeg,normal
data\raw\casting_data\train\ok_front\cast_ok_0_3872.jpeg,normal
data\raw\casting_data\train\ok_front\cast_ok_0_3880.jpeg,normal
data\raw\casting_data\train\ok_front\cast_ok_0_3889.jpeg,normal
data\raw\casting_data\train\ok_front\cast_ok_0_3898.jpeg,normal
data\raw\casting_data\train\ok_front\cast_ok_0_39.jpeg,normal
data\raw\casting_data\train\ok_front\cast_ok_0_3902.jpeg,normal
data\raw\casting_data\train\ok_front\cast_ok_0_3907.jpeg,normal
data\raw\casting_data\train\ok_front\cast_ok_0_392.jpeg,normal
data\raw\casting_data\train\ok_front\cast_ok_0_3932.jpeg,normal
data\raw\casting_data\train\ok_front\cast_ok_0_3933.jpeg,normal
data\raw\casting_data\train\ok_front\cast_ok_0_3938.jpeg,normal
data\raw\casting_data\train\ok_front\cast_ok_0_3951.jpeg,normal
data\raw\casting_data\train\ok_front\cast_ok_0_3957.jpeg,normal
data\raw\casting_data\train\ok_front\cast_ok_0_3960.jpeg,normal
data\raw\casting_data\train\ok_front\cast_ok_0_3961.jpeg,normal
data\raw\casting_data\train\ok_front\cast_ok_0_3962.jpeg,normal
data\raw\casting_data\train\ok_front\cast_ok_0_3967.jpeg,normal
data\raw\casting_data\train\ok_front\cast_ok_0_3975.jpeg,normal
data\raw\casting_data\train\ok_front\cast_ok_0_398.jpeg,normal
data\raw\casting_data\train\ok_front\cast_ok_0_3985.jpeg,normal
data\raw\casting_data\train\ok_front\cast_ok_0_3989.jpeg,normal
data\raw\casting_data\train\ok_front\cast_ok_0_3991.jpeg,normal
data\raw\casting_data\train\ok_front\cast_ok_0_40.jpeg,normal
data\raw\casting_data\train\ok_front\cast_ok_0_4005.jpeg,normal
data\raw\casting_data\train\ok_front\cast_ok_0_4006.jpeg,normal
data\raw\casting_data\train\ok_front\cast_ok_0_4007.jpeg,normal
data\raw\casting_data\train\ok_front\cast_ok_0_4009.jpeg,normal
data\raw\casting_data\train\ok_front\cast_ok_0_4010.jpeg,normal
data\raw\casting_data\train\ok_front\cast_ok_0_4012.jpeg,normal
data\raw\casting_data\train\ok_front\cast_ok_0_4015.jpeg,normal
data\raw\casting_data\train\ok_front\cast_ok_0_4016.jpeg,normal
data\raw\casting_data\train\ok_front\cast_ok_0_4029.jpeg,normal
data\raw\casting_data\train\ok_front\cast_ok_0_4030.jpeg,normal
data\raw\casting_data\train\ok_front\cast_ok_0_4034.jpeg,normal
data\raw\casting_data\train\ok_front\cast_ok_0_4037.jpeg,normal
data\raw\casting_data\train\ok_front\cast_ok_0_4042.jpeg,normal
data\raw\casting_data\train\ok_front\cast_ok_0_4045.jpeg,normal
data\raw\casting_data\train\ok_front\cast_ok_0_4046.jpeg,normal
data\raw\casting_data\train\ok_front\cast_ok_0_4048.jpeg,normal
data\raw\casting_data\train\ok_front\cast_ok_0_4052.jpeg,normal
data\raw\casting_data\train\ok_front\cast_ok_0_4068.jpeg,normal
data\raw\casting_data\train\ok_front\cast_ok_0_4074.jpeg,normal
data\raw\casting_data\train\ok_front\cast_ok_0_4075.jpeg,normal
data\raw\casting_data\train\ok_front\cast_ok_0_4087.jpeg,normal
data\raw\casting_data\train\ok_front\cast_ok_0_4088.jpeg,normal
data\raw\casting_data\train\ok_front\cast_ok_0_4089.jpeg,normal
data\raw\casting_data\train\ok_front\cast_ok_0_4091.jpeg,normal
data\raw\casting_data\train\ok_front\cast_ok_0_411.jpeg,normal
data\raw\casting_data\train\ok_front\cast_ok_0_4111.jpeg,normal
data\raw\casting_data\train\ok_front\cast_ok_0_4112.jpeg,normal
data\raw\casting_data\train\ok_front\cast_ok_0_4114.jpeg,normal
data\raw\casting_data\train\ok_front\cast_ok_0_4120.jpeg,normal
data\raw\casting_data\train\ok_front\cast_ok_0_4123.jpeg,normal
data\raw\casting_data\train\ok_front\cast_ok_0_4128.jpeg,normal
data\raw\casting_data\train\ok_front\cast_ok_0_413.jpeg,normal
data\raw\casting_data\train\ok_front\cast_ok_0_4130.jpeg,normal
data\raw\casting_data\train\ok_front\cast_ok_0_4132.jpeg,normal
data\raw\casting_data\train\ok_front\cast_ok_0_4140.jpeg,normal
data\raw\casting_data\train\ok_front\cast_ok_0_4141.jpeg,normal
data\raw\casting_data\train\ok_front\cast_ok_0_4142.jpeg,normal
data\raw\casting_data\train\ok_front\cast_ok_0_4149.jpeg,normal
data\raw\casting_data\train\ok_front\cast_ok_0_415.jpeg,normal
data\raw\casting_data\train\ok_front\cast_ok_0_4152.jpeg,normal
data\raw\casting_data\train\ok_front\cast_ok_0_4154.jpeg,normal
data\raw\casting_data\train\ok_front\cast_ok_0_4155.jpeg,normal
data\raw\casting_data\train\ok_front\cast_ok_0_4160.jpeg,normal
data\raw\casting_data\train\ok_front\cast_ok_0_4169.jpeg,normal
data\raw\casting_data\train\ok_front\cast_ok_0_4170.jpeg,normal
data\raw\casting_data\train\ok_front\cast_ok_0_4175.jpeg,normal
data\raw\casting_data\train\ok_front\cast_ok_0_4179.jpeg,normal
data\raw\casting_data\train\ok_front\cast_ok_0_418.jpeg,normal
data\raw\casting_data\train\ok_front\cast_ok_0_4183.jpeg,normal
data\raw\casting_data\train\ok_front\cast_ok_0_4192.jpeg,normal
data\raw\casting_data\train\ok_front\cast_ok_0_4197.jpeg,normal
data\raw\casting_data\train\ok_front\cast_ok_0_4202.jpeg,normal
data\raw\casting_data\train\ok_front\cast_ok_0_4205.jpeg,normal
data\raw\casting_data\train\ok_front\cast_ok_0_4206.jpeg,normal
data\raw\casting_data\train\ok_front\cast_ok_0_4208.jpeg,normal
data\raw\casting_data\train\ok_front\cast_ok_0_4213.jpeg,normal
data\raw\casting_data\train\ok_front\cast_ok_0_4214.jpeg,normal
data\raw\casting_data\train\ok_front\cast_ok_0_4219.jpeg,normal
data\raw\casting_data\train\ok_front\cast_ok_0_4228.jpeg,normal
data\raw\casting_data\train\ok_front\cast_ok_0_4236.jpeg,normal
data\raw\casting_data\train\ok_front\cast_ok_0_4238.jpeg,normal
data\raw\casting_data\train\ok_front\cast_ok_0_424.jpeg,normal
data\raw\casting_data\train\ok_front\cast_ok_0_4246.jpeg,normal
data\raw\casting_data\train\ok_front\cast_ok_0_425.jpeg,normal
data\raw\casting_data\train\ok_front\cast_ok_0_426.jpeg,normal
data\raw\casting_data\train\ok_front\cast_ok_0_4266.jpeg,normal
data\raw\casting_data\train\ok_front\cast_ok_0_427.jpeg,normal
data\raw\casting_data\train\ok_front\cast_ok_0_4281.jpeg,normal
data\raw\casting_data\train\ok_front\cast_ok_0_4291.jpeg,normal
data\raw\casting_data\train\ok_front\cast_ok_0_430.jpeg,normal
data\raw\casting_data\train\ok_front\cast_ok_0_4308.jpeg,normal
data\raw\casting_data\train\ok_front\cast_ok_0_4313.jpeg,normal
data\raw\casting_data\train\ok_front\cast_ok_0_4319.jpeg,normal
data\raw\casting_data\train\ok_front\cast_ok_0_4320.jpeg,normal
data\raw\casting_data\train\ok_front\cast_ok_0_4321.jpeg,normal
data\raw\casting_data\train\ok_front\cast_ok_0_4325.jpeg,normal
data\raw\casting_data\train\ok_front\cast_ok_0_4337.jpeg,normal
data\raw\casting_data\train\ok_front\cast_ok_0_4343.jpeg,normal
data\raw\casting_data\train\ok_front\cast_ok_0_4348.jpeg,normal
data\raw\casting_data\train\ok_front\cast_ok_0_435.jpeg,normal
data\raw\casting_data\train\ok_front\cast_ok_0_4350.jpeg,normal
data\raw\casting_data\train\ok_front\cast_ok_0_4351.jpeg,normal
data\raw\casting_data\train\ok_front\cast_ok_0_4354.jpeg,normal
data\raw\casting_data\train\ok_front\cast_ok_0_4362.jpeg,normal
data\raw\casting_data\train\ok_front\cast_ok_0_4368.jpeg,normal
data\raw\casting_data\train\ok_front\cast_ok_0_4371.jpeg,normal
data\raw\casting_data\train\ok_front\cast_ok_0_4373.jpeg,normal
data\raw\casting_data\train\ok_front\cast_ok_0_4379.jpeg,normal
data\raw\casting_data\train\ok_front\cast_ok_0_4380.jpeg,normal
data\raw\casting_data\train\ok_front\cast_ok_0_4389.jpeg,normal
data\raw\casting_data\train\ok_front\cast_ok_0_4393.jpeg,normal
data\raw\casting_data\train\ok_front\cast_ok_0_440.jpeg,normal
data\raw\casting_data\train\ok_front\cast_ok_0_4401.jpeg,normal
data\raw\casting_data\train\ok_front\cast_ok_0_4402.jpeg,normal
data\raw\casting_data\train\ok_front\cast_ok_0_4403.jpeg,normal
data\raw\casting_data\train\ok_front\cast_ok_0_4405.jpeg,normal
data\raw\casting_data\train\ok_front\cast_ok_0_4411.jpeg,normal
data\raw\casting_data\train\ok_front\cast_ok_0_4418.jpeg,normal
data\raw\casting_data\train\ok_front\cast_ok_0_4420.jpeg,normal
data\raw\casting_data\train\ok_front\cast_ok_0_4421.jpeg,normal
data\raw\casting_data\train\ok_front\cast_ok_0_4427.jpeg,normal
data\raw\casting_data\train\ok_front\cast_ok_0_4428.jpeg,normal
data\raw\casting_data\train\ok_front\cast_ok_0_4437.jpeg,normal
data\raw\casting_data\train\ok_front\cast_ok_0_4440.jpeg,normal
data\raw\casting_data\train\ok_front\cast_ok_0_4454.jpeg,normal
data\raw\casting_data\train\ok_front\cast_ok_0_4462.jpeg,normal
data\raw\casting_data\train\ok_front\cast_ok_0_4464.jpeg,normal
data\raw\casting_data\train\ok_front\cast_ok_0_4470.jpeg,normal
data\raw\casting_data\train\ok_front\cast_ok_0_4471.jpeg,normal
data\raw\casting_data\train\ok_front\cast_ok_0_4483.jpeg,normal
data\raw\casting_data\train\ok_front\cast_ok_0_4487.jpeg,normal
data\raw\casting_data\train\ok_front\cast_ok_0_4491.jpeg,normal
data\raw\casting_data\train\ok_front\cast_ok_0_4495.jpeg,normal
data\raw\casting_data\train\ok_front\cast_ok_0_45.jpeg,normal
data\raw\casting_data\train\ok_front\cast_ok_0_450.jpeg,normal
data\raw\casting_data\train\ok_front\cast_ok_0_4502.jpeg,normal
data\raw\casting_data\train\ok_front\cast_ok_0_4512.jpeg,normal
data\raw\casting_data\train\ok_front\cast_ok_0_4513.jpeg,normal
data\raw\casting_data\train\ok_front\cast_ok_0_4518.jpeg,normal
data\raw\casting_data\train\ok_front\cast_ok_0_4519.jpeg,normal
data\raw\casting_data\train\ok_front\cast_ok_0_452.jpeg,normal
data\raw\casting_data\train\ok_front\cast_ok_0_4528.jpeg,normal
data\raw\casting_data\train\ok_front\cast_ok_0_4529.jpeg,normal
data\raw\casting_data\train\ok_front\cast_ok_0_4534.jpeg,normal
data\raw\casting_data\train\ok_front\cast_ok_0_4557.jpeg,normal
data\raw\casting_data\train\ok_front\cast_ok_0_4560.jpeg,normal
data\raw\casting_data\train\ok_front\cast_ok_0_4563.jpeg,normal
data\raw\casting_data\train\ok_front\cast_ok_0_4566.jpeg,normal
data\raw\casting_data\train\ok_front\cast_ok_0_4569.jpeg,normal
data\raw\casting_data\train\ok_front\cast_ok_0_4570.jpeg,normal
data\raw\casting_data\train\ok_front\cast_ok_0_4574.jpeg,normal
data\raw\casting_data\train\ok_front\cast_ok_0_4597.jpeg,normal
data\raw\casting_data\train\ok_front\cast_ok_0_46.jpeg,normal
data\raw\casting_data\train\ok_front\cast_ok_0_4601.jpeg,normal
data\raw\casting_data\train\ok_front\cast_ok_0_4619.jpeg,normal
data\raw\casting_data\train\ok_front\cast_ok_0_4621.jpeg,normal
data\raw\casting_data\train\ok_front\cast_ok_0_4623.jpeg,normal
data\raw\casting_data\train\ok_front\cast_ok_0_4624.jpeg,normal
data\raw\casting_data\train\ok_front\cast_ok_0_463.jpeg,normal
data\raw\casting_data\train\ok_front\cast_ok_0_4632.jpeg,normal
data\raw\casting_data\train\ok_front\cast_ok_0_4637.jpeg,normal
data\raw\casting_data\train\ok_front\cast_ok_0_4642.jpeg,normal
data\raw\casting_data\train\ok_front\cast_ok_0_4644.jpeg,normal
data\raw\casting_data\train\ok_front\cast_ok_0_4647.jpeg,normal
data\raw\casting_data\train\ok_front\cast_ok_0_465.jpeg,normal
data\raw\casting_data\train\ok_front\cast_ok_0_4657.jpeg,normal
data\raw\casting_data\train\ok_front\cast_ok_0_4658.jpeg,normal
data\raw\casting_data\train\ok_front\cast_ok_0_466.jpeg,normal
data\raw\casting_data\train\ok_front\cast_ok_0_4665.jpeg,normal
data\raw\casting_data\train\ok_front\cast_ok_0_467.jpeg,normal
data\raw\casting_data\train\ok_front\cast_ok_0_4671.jpeg,normal
data\raw\casting_data\train\ok_front\cast_ok_0_4678.jpeg,normal
data\raw\casting_data\train\ok_front\cast_ok_0_4680.jpeg,normal
data\raw\casting_data\train\ok_front\cast_ok_0_4685.jpeg,normal
data\raw\casting_data\train\ok_front\cast_ok_0_4689.jpeg,normal
data\raw\casting_data\train\ok_front\cast_ok_0_4698.jpeg,normal
data\raw\casting_data\train\ok_front\cast_ok_0_4708.jpeg,normal
data\raw\casting_data\train\ok_front\cast_ok_0_4718.jpeg,normal
data\raw\casting_data\train\ok_front\cast_ok_0_472.jpeg,normal
data\raw\casting_data\train\ok_front\cast_ok_0_4725.jpeg,normal
data\raw\casting_data\train\ok_front\cast_ok_0_4727.jpeg,normal
data\raw\casting_data\train\ok_front\cast_ok_0_4729.jpeg,normal
data\raw\casting_data\train\ok_front\cast_ok_0_4735.jpeg,normal
data\raw\casting_data\train\ok_front\cast_ok_0_4737.jpeg,normal
data\raw\casting_data\train\ok_front\cast_ok_0_4739.jpeg,normal
data\raw\casting_data\train\ok_front\cast_ok_0_474.jpeg,normal
data\raw\casting_data\train\ok_front\cast_ok_0_4743.jpeg,normal
data\raw\casting_data\train\ok_front\cast_ok_0_4748.jpeg,normal
data\raw\casting_data\train\ok_front\cast_ok_0_4749.jpeg,normal
data\raw\casting_data\train\ok_front\cast_ok_0_4750.jpeg,normal
data\raw\casting_data\train\ok_front\cast_ok_0_4751.jpeg,normal
data\raw\casting_data\train\ok_front\cast_ok_0_4752.jpeg,normal
data\raw\casting_data\train\ok_front\cast_ok_0_4755.jpeg,normal
data\raw\casting_data\train\ok_front\cast_ok_0_4757.jpeg,normal
data\raw\casting_data\train\ok_front\cast_ok_0_4760.jpeg,normal
data\raw\casting_data\train\ok_front\cast_ok_0_4769.jpeg,normal
data\raw\casting_data\train\ok_front\cast_ok_0_4772.jpeg,normal
data\raw\casting_data\train\ok_front\cast_ok_0_4779.jpeg,normal
data\raw\casting_data\train\ok_front\cast_ok_0_4780.jpeg,normal
data\raw\casting_data\train\ok_front\cast_ok_0_4781.jpeg,normal
data\raw\casting_data\train\ok_front\cast_ok_0_4783.jpeg,normal
data\raw\casting_data\train\ok_front\cast_ok_0_480.jpeg,normal
data\raw\casting_data\train\ok_front\cast_ok_0_4816.jpeg,normal
data\raw\casting_data\train\ok_front\cast_ok_0_482.jpeg,normal
data\raw\casting_data\train\ok_front\cast_ok_0_4821.jpeg,normal
data\raw\casting_data\train\ok_front\cast_ok_0_4825.jpeg,normal
data\raw\casting_data\train\ok_front\cast_ok_0_4837.jpeg,normal
data\raw\casting_data\train\ok_front\cast_ok_0_4839.jpeg,normal
data\raw\casting_data\train\ok_front\cast_ok_0_4854.jpeg,normal
data\raw\casting_data\train\ok_front\cast_ok_0_4859.jpeg,normal
data\raw\casting_data\train\ok_front\cast_ok_0_4868.jpeg,normal
data\raw\casting_data\train\ok_front\cast_ok_0_4869.jpeg,normal
data\raw\casting_data\train\ok_front\cast_ok_0_4872.jpeg,normal
data\raw\casting_data\train\ok_front\cast_ok_0_4875.jpeg,normal
data\raw\casting_data\train\ok_front\cast_ok_0_4880.jpeg,normal
data\raw\casting_data\train\ok_front\cast_ok_0_4885.jpeg,normal
data\raw\casting_data\train\ok_front\cast_ok_0_4886.jpeg,normal
data\raw\casting_data\train\ok_front\cast_ok_0_4888.jpeg,normal
data\raw\casting_data\train\ok_front\cast_ok_0_4891.jpeg,normal
data\raw\casting_data\train\ok_front\cast_ok_0_4904.jpeg,normal
data\raw\casting_data\train\ok_front\cast_ok_0_4905.jpeg,normal
data\raw\casting_data\train\ok_front\cast_ok_0_4907.jpeg,normal
data\raw\casting_data\train\ok_front\cast_ok_0_491.jpeg,normal
data\raw\casting_data\train\ok_front\cast_ok_0_4912.jpeg,normal
data\raw\casting_data\train\ok_front\cast_ok_0_4921.jpeg,normal
data\raw\casting_data\train\ok_front\cast_ok_0_4923.jpeg,normal
data\raw\casting_data\train\ok_front\cast_ok_0_4927.jpeg,normal
data\raw\casting_data\train\ok_front\cast_ok_0_4931.jpeg,normal
data\raw\casting_data\train\ok_front\cast_ok_0_4934.jpeg,normal
data\raw\casting_data\train\ok_front\cast_ok_0_4938.jpeg,normal
data\raw\casting_data\train\ok_front\cast_ok_0_4949.jpeg,normal
data\raw\casting_data\train\ok_front\cast_ok_0_4954.jpeg,normal
data\raw\casting_data\train\ok_front\cast_ok_0_4955.jpeg,normal
data\raw\casting_data\train\ok_front\cast_ok_0_4957.jpeg,normal
data\raw\casting_data\train\ok_front\cast_ok_0_4959.jpeg,normal
data\raw\casting_data\train\ok_front\cast_ok_0_4963.jpeg,normal
data\raw\casting_data\train\ok_front\cast_ok_0_497.jpeg,normal
data\raw\casting_data\train\ok_front\cast_ok_0_4970.jpeg,normal
data\raw\casting_data\train\ok_front\cast_ok_0_4972.jpeg,normal
data\raw\casting_data\train\ok_front\cast_ok_0_4973.jpeg,normal
data\raw\casting_data\train\ok_front\cast_ok_0_4975.jpeg,normal
data\raw\casting_data\train\ok_front\cast_ok_0_4976.jpeg,normal
data\raw\casting_data\train\ok_front\cast_ok_0_4986.jpeg,normal
data\raw\casting_data\train\ok_front\cast_ok_0_4989.jpeg,normal
data\raw\casting_data\train\ok_front\cast_ok_0_4990.jpeg,normal
data\raw\casting_data\train\ok_front\cast_ok_0_4993.jpeg,normal
data\raw\casting_data\train\ok_front\cast_ok_0_4994.jpeg,normal
data\raw\casting_data\train\ok_front\cast_ok_0_5003.jpeg,normal
data\raw\casting_data\train\ok_front\cast_ok_0_5006.jpeg,normal
data\raw\casting_data\train\ok_front\cast_ok_0_5007.jpeg,normal
data\raw\casting_data\train\ok_front\cast_ok_0_5008.jpeg,normal
data\raw\casting_data\train\ok_front\cast_ok_0_501.jpeg,normal
data\raw\casting_data\train\ok_front\cast_ok_0_5012.jpeg,normal
data\raw\casting_data\train\ok_front\cast_ok_0_5013.jpeg,normal
data\raw\casting_data\train\ok_front\cast_ok_0_5021.jpeg,normal
data\raw\casting_data\train\ok_front\cast_ok_0_5023.jpeg,normal
data\raw\casting_data\train\ok_front\cast_ok_0_503.jpeg,normal
data\raw\casting_data\train\ok_front\cast_ok_0_5031.jpeg,normal
data\raw\casting_data\train\ok_front\cast_ok_0_5032.jpeg,normal
data\raw\casting_data\train\ok_front\cast_ok_0_5035.jpeg,normal
data\raw\casting_data\train\ok_front\cast_ok_0_5044.jpeg,normal
data\raw\casting_data\train\ok_front\cast_ok_0_5048.jpeg,normal
data\raw\casting_data\train\ok_front\cast_ok_0_505.jpeg,normal
data\raw\casting_data\train\ok_front\cast_ok_0_5050.jpeg,normal
data\raw\casting_data\train\ok_front\cast_ok_0_5057.jpeg,normal
data\raw\casting_data\train\ok_front\cast_ok_0_507.jpeg,normal
data\raw\casting_data\train\ok_front\cast_ok_0_5071.jpeg,normal
data\raw\casting_data\train\ok_front\cast_ok_0_5073.jpeg,normal
data\raw\casting_data\train\ok_front\cast_ok_0_5074.jpeg,normal
data\raw\casting_data\train\ok_front\cast_ok_0_5078.jpeg,normal
data\raw\casting_data\train\ok_front\cast_ok_0_5079.jpeg,normal
data\raw\casting_data\train\ok_front\cast_ok_0_5084.jpeg,normal
data\raw\casting_data\train\ok_front\cast_ok_0_5086.jpeg,normal
data\raw\casting_data\train\ok_front\cast_ok_0_5094.jpeg,normal
data\raw\casting_data\train\ok_front\cast_ok_0_5097.jpeg,normal
data\raw\casting_data\train\ok_front\cast_ok_0_5102.jpeg,normal
data\raw\casting_data\train\ok_front\cast_ok_0_5109.jpeg,normal
data\raw\casting_data\train\ok_front\cast_ok_0_511.jpeg,normal
data\raw\casting_data\train\ok_front\cast_ok_0_5110.jpeg,normal
data\raw\casting_data\train\ok_front\cast_ok_0_5116.jpeg,normal
data\raw\casting_data\train\ok_front\cast_ok_0_5118.jpeg,normal
data\raw\casting_data\train\ok_front\cast_ok_0_5125.jpeg,normal
data\raw\casting_data\train\ok_front\cast_ok_0_5129.jpeg,normal
data\raw\casting_data\train\ok_front\cast_ok_0_5153.jpeg,normal
data\raw\casting_data\train\ok_front\cast_ok_0_5155.jpeg,normal
data\raw\casting_data\train\ok_front\cast_ok_0_5158.jpeg,normal
data\raw\casting_data\train\ok_front\cast_ok_0_5164.jpeg,normal
data\raw\casting_data\train\ok_front\cast_ok_0_5167.jpeg,normal
data\raw\casting_data\train\ok_front\cast_ok_0_5168.jpeg,normal
data\raw\casting_data\train\ok_front\cast_ok_0_5194.jpeg,normal
data\raw\casting_data\train\ok_front\cast_ok_0_5201.jpeg,normal
data\raw\casting_data\train\ok_front\cast_ok_0_5203.jpeg,normal
data\raw\casting_data\train\ok_front\cast_ok_0_5205.jpeg,normal
data\raw\casting_data\train\ok_front\cast_ok_0_5220.jpeg,normal
data\raw\casting_data\train\ok_front\cast_ok_0_5223.jpeg,normal
data\raw\casting_data\train\ok_front\cast_ok_0_5226.jpeg,normal
data\raw\casting_data\train\ok_front\cast_ok_0_5228.jpeg,normal
data\raw\casting_data\train\ok_front\cast_ok_0_5237.jpeg,normal
data\raw\casting_data\train\ok_front\cast_ok_0_5238.jpeg,normal
data\raw\casting_data\train\ok_front\cast_ok_0_5244.jpeg,normal
data\raw\casting_data\train\ok_front\cast_ok_0_5249.jpeg,normal
data\raw\casting_data\train\ok_front\cast_ok_0_5250.jpeg,normal
data\raw\casting_data\train\ok_front\cast_ok_0_5257.jpeg,normal
data\raw\casting_data\train\ok_front\cast_ok_0_5258.jpeg,normal
data\raw\casting_data\train\ok_front\cast_ok_0_5260.jpeg,normal
data\raw\casting_data\train\ok_front\cast_ok_0_5263.jpeg,normal
data\raw\casting_data\train\ok_front\cast_ok_0_5268.jpeg,normal
data\raw\casting_data\train\ok_front\cast_ok_0_5270.jpeg,normal
data\raw\casting_data\train\ok_front\cast_ok_0_5278.jpeg,normal
data\raw\casting_data\train\ok_front\cast_ok_0_5280.jpeg,normal
data\raw\casting_data\train\ok_front\cast_ok_0_5283.jpeg,normal
data\raw\casting_data\train\ok_front\cast_ok_0_5288.jpeg,normal
data\raw\casting_data\train\ok_front\cast_ok_0_529.jpeg,normal
data\raw\casting_data\train\ok_front\cast_ok_0_5293.jpeg,normal
data\raw\casting_data\train\ok_front\cast_ok_0_5303.jpeg,normal
data\raw\casting_data\train\ok_front\cast_ok_0_5307.jpeg,normal
data\raw\casting_data\train\ok_front\cast_ok_0_5309.jpeg,normal
data\raw\casting_data\train\ok_front\cast_ok_0_5314.jpeg,normal
data\raw\casting_data\train\ok_front\cast_ok_0_532.jpeg,normal
data\raw\casting_data\train\ok_front\cast_ok_0_5320.jpeg,normal
data\raw\casting_data\train\ok_front\cast_ok_0_5323.jpeg,normal
data\raw\casting_data\train\ok_front\cast_ok_0_5325.jpeg,normal
data\raw\casting_data\train\ok_front\cast_ok_0_5326.jpeg,normal
data\raw\casting_data\train\ok_front\cast_ok_0_5330.jpeg,normal
data\raw\casting_data\train\ok_front\cast_ok_0_5332.jpeg,normal
data\raw\casting_data\train\ok_front\cast_ok_0_5335.jpeg,normal
data\raw\casting_data\train\ok_front\cast_ok_0_5339.jpeg,normal
data\raw\casting_data\train\ok_front\cast_ok_0_5341.jpeg,normal
data\raw\casting_data\train\ok_front\cast_ok_0_5346.jpeg,normal
data\raw\casting_data\train\ok_front\cast_ok_0_5349.jpeg,normal
data\raw\casting_data\train\ok_front\cast_ok_0_5351.jpeg,normal
data\raw\casting_data\train\ok_front\cast_ok_0_5364.jpeg,normal
data\raw\casting_data\train\ok_front\cast_ok_0_5366.jpeg,normal
data\raw\casting_data\train\ok_front\cast_ok_0_5367.jpeg,normal
data\raw\casting_data\train\ok_front\cast_ok_0_5375.jpeg,normal
data\raw\casting_data\train\ok_front\cast_ok_0_5376.jpeg,normal
data\raw\casting_data\train\ok_front\cast_ok_0_5379.jpeg,normal
data\raw\casting_data\train\ok_front\cast_ok_0_5388.jpeg,normal
data\raw\casting_data\train\ok_front\cast_ok_0_539.jpeg,normal
data\raw\casting_data\train\ok_front\cast_ok_0_5392.jpeg,normal
data\raw\casting_data\train\ok_front\cast_ok_0_5398.jpeg,normal
data\raw\casting_data\train\ok_front\cast_ok_0_5399.jpeg,normal
data\raw\casting_data\train\ok_front\cast_ok_0_540.jpeg,normal
data\raw\casting_data\train\ok_front\cast_ok_0_5408.jpeg,normal
data\raw\casting_data\train\ok_front\cast_ok_0_541.jpeg,normal
data\raw\casting_data\train\ok_front\cast_ok_0_5413.jpeg,normal
data\raw\casting_data\train\ok_front\cast_ok_0_5425.jpeg,normal
data\raw\casting_data\train\ok_front\cast_ok_0_5427.jpeg,normal
data\raw\casting_data\train\ok_front\cast_ok_0_5431.jpeg,normal
data\raw\casting_data\train\ok_front\cast_ok_0_5433.jpeg,normal
data\raw\casting_data\train\ok_front\cast_ok_0_5447.jpeg,normal
data\raw\casting_data\train\ok_front\cast_ok_0_545.jpeg,normal
data\raw\casting_data\train\ok_front\cast_ok_0_5457.jpeg,normal
data\raw\casting_data\train\ok_front\cast_ok_0_5458.jpeg,normal
data\raw\casting_data\train\ok_front\cast_ok_0_5462.jpeg,normal
data\raw\casting_data\train\ok_front\cast_ok_0_5464.jpeg,normal
data\raw\casting_data\train\ok_front\cast_ok_0_5465.jpeg,normal
data\raw\casting_data\train\ok_front\cast_ok_0_5469.jpeg,normal
data\raw\casting_data\train\ok_front\cast_ok_0_5470.jpeg,normal
data\raw\casting_data\train\ok_front\cast_ok_0_5480.jpeg,normal
data\raw\casting_data\train\ok_front\cast_ok_0_5481.jpeg,normal
data\raw\casting_data\train\ok_front\cast_ok_0_5488.jpeg,normal
data\raw\casting_data\train\ok_front\cast_ok_0_5495.jpeg,normal
data\raw\casting_data\train\ok_front\cast_ok_0_5496.jpeg,normal
data\raw\casting_data\train\ok_front\cast_ok_0_55.jpeg,normal
data\raw\casting_data\train\ok_front\cast_ok_0_5500.jpeg,normal
data\raw\casting_data\train\ok_front\cast_ok_0_5505.jpeg,normal
data\raw\casting_data\train\ok_front\cast_ok_0_5515.jpeg,normal
data\raw\casting_data\train\ok_front\cast_ok_0_5519.jpeg,normal
data\raw\casting_data\train\ok_front\cast_ok_0_552.jpeg,normal
data\raw\casting_data\train\ok_front\cast_ok_0_5521.jpeg,normal
data\raw\casting_data\train\ok_front\cast_ok_0_5522.jpeg,normal
data\raw\casting_data\train\ok_front\cast_ok_0_5525.jpeg,normal
data\raw\casting_data\train\ok_front\cast_ok_0_553.jpeg,normal
data\raw\casting_data\train\ok_front\cast_ok_0_5531.jpeg,normal
data\raw\casting_data\train\ok_front\cast_ok_0_5533.jpeg,normal
data\raw\casting_data\train\ok_front\cast_ok_0_5535.jpeg,normal
data\raw\casting_data\train\ok_front\cast_ok_0_5536.jpeg,normal
data\raw\casting_data\train\ok_front\cast_ok_0_5541.jpeg,normal
data\raw\casting_data\train\ok_front\cast_ok_0_5542.jpeg,normal
data\raw\casting_data\train\ok_front\cast_ok_0_5544.jpeg,normal
data\raw\casting_data\train\ok_front\cast_ok_0_555.jpeg,normal
data\raw\casting_data\train\ok_front\cast_ok_0_5556.jpeg,normal
data\raw\casting_data\train\ok_front\cast_ok_0_556.jpeg,normal
data\raw\casting_data\train\ok_front\cast_ok_0_557.jpeg,normal
data\raw\casting_data\train\ok_front\cast_ok_0_5570.jpeg,normal
data\raw\casting_data\train\ok_front\cast_ok_0_5571.jpeg,normal
data\raw\casting_data\train\ok_front\cast_ok_0_5575.jpeg,normal
data\raw\casting_data\train\ok_front\cast_ok_0_5579.jpeg,normal
data\raw\casting_data\train\ok_front\cast_ok_0_5592.jpeg,normal
data\raw\casting_data\train\ok_front\cast_ok_0_5596.jpeg,normal
data\raw\casting_data\train\ok_front\cast_ok_0_5598.jpeg,normal
data\raw\casting_data\train\ok_front\cast_ok_0_5600.jpeg,normal
data\raw\casting_data\train\ok_front\cast_ok_0_5609.jpeg,normal
data\raw\casting_data\train\ok_front\cast_ok_0_5610.jpeg,normal
data\raw\casting_data\train\ok_front\cast_ok_0_5612.jpeg,normal
data\raw\casting_data\train\ok_front\cast_ok_0_5645.jpeg,normal
data\raw\casting_data\train\ok_front\cast_ok_0_5648.jpeg,normal
data\raw\casting_data\train\ok_front\cast_ok_0_5651.jpeg,normal
data\raw\casting_data\train\ok_front\cast_ok_0_5662.jpeg,normal
data\raw\casting_data\train\ok_front\cast_ok_0_5663.jpeg,normal
data\raw\casting_data\train\ok_front\cast_ok_0_5666.jpeg,normal
data\raw\casting_data\train\ok_front\cast_ok_0_567.jpeg,normal
data\raw\casting_data\train\ok_front\cast_ok_0_5676.jpeg,normal
data\raw\casting_data\train\ok_front\cast_ok_0_5696.jpeg,normal
data\raw\casting_data\train\ok_front\cast_ok_0_5698.jpeg,normal
data\raw\casting_data\train\ok_front\cast_ok_0_5699.jpeg,normal
data\raw\casting_data\train\ok_front\cast_ok_0_57.jpeg,normal
data\raw\casting_data\train\ok_front\cast_ok_0_5707.jpeg,normal
data\raw\casting_data\train\ok_front\cast_ok_0_5717.jpeg,normal
data\raw\casting_data\train\ok_front\cast_ok_0_5726.jpeg,normal
data\raw\casting_data\train\ok_front\cast_ok_0_5728.jpeg,normal
data\raw\casting_data\train\ok_front\cast_ok_0_5732.jpeg,normal
data\raw\casting_data\train\ok_front\cast_ok_0_5734.jpeg,normal
data\raw\casting_data\train\ok_front\cast_ok_0_574.jpeg,normal
data\raw\casting_data\train\ok_front\cast_ok_0_5747.jpeg,normal
data\raw\casting_data\train\ok_front\cast_ok_0_5750.jpeg,normal
data\raw\casting_data\train\ok_front\cast_ok_0_5752.jpeg,normal
data\raw\casting_data\train\ok_front\cast_ok_0_5757.jpeg,normal
data\raw\casting_data\train\ok_front\cast_ok_0_5763.jpeg,normal
data\raw\casting_data\train\ok_front\cast_ok_0_5769.jpeg,normal
data\raw\casting_data\train\ok_front\cast_ok_0_5774.jpeg,normal
data\raw\casting_data\train\ok_front\cast_ok_0_5778.jpeg,normal
data\raw\casting_data\train\ok_front\cast_ok_0_5783.jpeg,normal
data\raw\casting_data\train\ok_front\cast_ok_0_579.jpeg,normal
data\raw\casting_data\train\ok_front\cast_ok_0_5790.jpeg,normal
data\raw\casting_data\train\ok_front\cast_ok_0_5791.jpeg,normal
data\raw\casting_data\train\ok_front\cast_ok_0_5793.jpeg,normal
data\raw\casting_data\train\ok_front\cast_ok_0_5801.jpeg,normal
data\raw\casting_data\train\ok_front\cast_ok_0_5802.jpeg,normal
data\raw\casting_data\train\ok_front\cast_ok_0_581.jpeg,normal
data\raw\casting_data\train\ok_front\cast_ok_0_5812.jpeg,normal
data\raw\casting_data\train\ok_front\cast_ok_0_5815.jpeg,normal
data\raw\casting_data\train\ok_front\cast_ok_0_5816.jpeg,normal
data\raw\casting_data\train\ok_front\cast_ok_0_5818.jpeg,normal
data\raw\casting_data\train\ok_front\cast_ok_0_5825.jpeg,normal
data\raw\casting_data\train\ok_front\cast_ok_0_5830.jpeg,normal
data\raw\casting_data\train\ok_front\cast_ok_0_5832.jpeg,normal
data\raw\casting_data\train\ok_front\cast_ok_0_5837.jpeg,normal
data\raw\casting_data\train\ok_front\cast_ok_0_5838.jpeg,normal
data\raw\casting_data\train\ok_front\cast_ok_0_584.jpeg,normal
data\raw\casting_data\train\ok_front\cast_ok_0_5851.jpeg,normal
data\raw\casting_data\train\ok_front\cast_ok_0_5857.jpeg,normal
data\raw\casting_data\train\ok_front\cast_ok_0_5858.jpeg,normal
data\raw\casting_data\train\ok_front\cast_ok_0_586.jpeg,normal
data\raw\casting_data\train\ok_front\cast_ok_0_5864.jpeg,normal
data\raw\casting_data\train\ok_front\cast_ok_0_5877.jpeg,normal
data\raw\casting_data\train\ok_front\cast_ok_0_5879.jpeg,normal
data\raw\casting_data\train\ok_front\cast_ok_0_588.jpeg,normal
data\raw\casting_data\train\ok_front\cast_ok_0_5880.jpeg,normal
data\raw\casting_data\train\ok_front\cast_ok_0_5881.jpeg,normal
data\raw\casting_data\train\ok_front\cast_ok_0_5889.jpeg,normal
data\raw\casting_data\train\ok_front\cast_ok_0_5891.jpeg,normal
data\raw\casting_data\train\ok_front\cast_ok_0_5894.jpeg,normal
data\raw\casting_data\train\ok_front\cast_ok_0_5896.jpeg,normal
data\raw\casting_data\train\ok_front\cast_ok_0_590.jpeg,normal
data\raw\casting_data\train\ok_front\cast_ok_0_5907.jpeg,normal
data\raw\casting_data\train\ok_front\cast_ok_0_5912.jpeg,normal
data\raw\casting_data\train\ok_front\cast_ok_0_5914.jpeg,normal
data\raw\casting_data\train\ok_front\cast_ok_0_5915.jpeg,normal
data\raw\casting_data\train\ok_front\cast_ok_0_5923.jpeg,normal
data\raw\casting_data\train\ok_front\cast_ok_0_5924.jpeg,normal
data\raw\casting_data\train\ok_front\cast_ok_0_5928.jpeg,normal
data\raw\casting_data\train\ok_front\cast_ok_0_5931.jpeg,normal
data\raw\casting_data\train\ok_front\cast_ok_0_5934.jpeg,normal
data\raw\casting_data\train\ok_front\cast_ok_0_5936.jpeg,normal
data\raw\casting_data\train\ok_front\cast_ok_0_594.jpeg,normal
data\raw\casting_data\train\ok_front\cast_ok_0_5941.jpeg,normal
data\raw\casting_data\train\ok_front\cast_ok_0_5944.jpeg,normal
data\raw\casting_data\train\ok_front\cast_ok_0_5945.jpeg,normal
data\raw\casting_data\train\ok_front\cast_ok_0_5949.jpeg,normal
data\raw\casting_data\train\ok_front\cast_ok_0_5954.jpeg,normal
data\raw\casting_data\train\ok_front\cast_ok_0_5958.jpeg,normal
data\raw\casting_data\train\ok_front\cast_ok_0_5959.jpeg,normal
data\raw\casting_data\train\ok_front\cast_ok_0_5960.jpeg,normal
data\raw\casting_data\train\ok_front\cast_ok_0_597.jpeg,normal
data\raw\casting_data\train\ok_front\cast_ok_0_5972.jpeg,normal
data\raw\casting_data\train\ok_front\cast_ok_0_5974.jpeg,normal
data\raw\casting_data\train\ok_front\cast_ok_0_5979.jpeg,normal
data\raw\casting_data\train\ok_front\cast_ok_0_598.jpeg,normal
data\raw\casting_data\train\ok_front\cast_ok_0_5988.jpeg,normal
data\raw\casting_data\train\ok_front\cast_ok_0_5991.jpeg,normal
data\raw\casting_data\train\ok_front\cast_ok_0_5996.jpeg,normal
data\raw\casting_data\train\ok_front\cast_ok_0_5997.jpeg,normal
data\raw\casting_data\train\ok_front\cast_ok_0_60.jpeg,normal
data\raw\casting_data\train\ok_front\cast_ok_0_6005.jpeg,normal
data\raw\casting_data\train\ok_front\cast_ok_0_6007.jpeg,normal
data\raw\casting_data\train\ok_front\cast_ok_0_6009.jpeg,normal
data\raw\casting_data\train\ok_front\cast_ok_0_6010.jpeg,normal
data\raw\casting_data\train\ok_front\cast_ok_0_6011.jpeg,normal
data\raw\casting_data\train\ok_front\cast_ok_0_6014.jpeg,normal
data\raw\casting_data\train\ok_front\cast_ok_0_6015.jpeg,normal
data\raw\casting_data\train\ok_front\cast_ok_0_6020.jpeg,normal
data\raw\casting_data\train\ok_front\cast_ok_0_6023.jpeg,normal
data\raw\casting_data\train\ok_front\cast_ok_0_6024.jpeg,normal
data\raw\casting_data\train\ok_front\cast_ok_0_6026.jpeg,normal
data\raw\casting_data\train\ok_front\cast_ok_0_6028.jpeg,normal
data\raw\casting_data\train\ok_front\cast_ok_0_6030.jpeg,normal
data\raw\casting_data\train\ok_front\cast_ok_0_6034.jpeg,normal
data\raw\casting_data\train\ok_front\cast_ok_0_6037.jpeg,normal
data\raw\casting_data\train\ok_front\cast_ok_0_604.jpeg,normal
data\raw\casting_data\train\ok_front\cast_ok_0_6041.jpeg,normal
data\raw\casting_data\train\ok_front\cast_ok_0_6045.jpeg,normal
data\raw\casting_data\train\ok_front\cast_ok_0_605.jpeg,normal
data\raw\casting_data\train\ok_front\cast_ok_0_6055.jpeg,normal
data\raw\casting_data\train\ok_front\cast_ok_0_6056.jpeg,normal
data\raw\casting_data\train\ok_front\cast_ok_0_6059.jpeg,normal
data\raw\casting_data\train\ok_front\cast_ok_0_6061.jpeg,normal
data\raw\casting_data\train\ok_front\cast_ok_0_6062.jpeg,normal
data\raw\casting_data\train\ok_front\cast_ok_0_6063.jpeg,normal
data\raw\casting_data\train\ok_front\cast_ok_0_6067.jpeg,normal
data\raw\casting_data\train\ok_front\cast_ok_0_6073.jpeg,normal
data\raw\casting_data\train\ok_front\cast_ok_0_608.jpeg,normal
data\raw\casting_data\train\ok_front\cast_ok_0_6080.jpeg,normal
data\raw\casting_data\train\ok_front\cast_ok_0_6081.jpeg,normal
data\raw\casting_data\train\ok_front\cast_ok_0_6083.jpeg,normal
data\raw\casting_data\train\ok_front\cast_ok_0_6088.jpeg,normal
data\raw\casting_data\train\ok_front\cast_ok_0_6089.jpeg,normal
data\raw\casting_data\train\ok_front\cast_ok_0_609.jpeg,normal
data\raw\casting_data\train\ok_front\cast_ok_0_6093.jpeg,normal
data\raw\casting_data\train\ok_front\cast_ok_0_6095.jpeg,normal
data\raw\casting_data\train\ok_front\cast_ok_0_6101.jpeg,normal
data\raw\casting_data\train\ok_front\cast_ok_0_6103.jpeg,normal
data\raw\casting_data\train\ok_front\cast_ok_0_6106.jpeg,normal
data\raw\casting_data\train\ok_front\cast_ok_0_6110.jpeg,normal
data\raw\casting_data\train\ok_front\cast_ok_0_6115.jpeg,normal
data\raw\casting_data\train\ok_front\cast_ok_0_6116.jpeg,normal
data\raw\casting_data\train\ok_front\cast_ok_0_6118.jpeg,normal
data\raw\casting_data\train\ok_front\cast_ok_0_6122.jpeg,normal
data\raw\casting_data\train\ok_front\cast_ok_0_6126.jpeg,normal
data\raw\casting_data\train\ok_front\cast_ok_0_6127.jpeg,normal
data\raw\casting_data\train\ok_front\cast_ok_0_6134.jpeg,normal
data\raw\casting_data\train\ok_front\cast_ok_0_6139.jpeg,normal
data\raw\casting_data\train\ok_front\cast_ok_0_615.jpeg,normal
data\raw\casting_data\train\ok_front\cast_ok_0_6150.jpeg,normal
data\raw\casting_data\train\ok_front\cast_ok_0_6155.jpeg,normal
data\raw\casting_data\train\ok_front\cast_ok_0_6160.jpeg,normal
data\raw\casting_data\train\ok_front\cast_ok_0_6165.jpeg,normal
data\raw\casting_data\train\ok_front\cast_ok_0_6168.jpeg,normal
data\raw\casting_data\train\ok_front\cast_ok_0_6169.jpeg,normal
data\raw\casting_data\train\ok_front\cast_ok_0_6170.jpeg,normal
data\raw\casting_data\train\ok_front\cast_ok_0_6171.jpeg,normal
data\raw\casting_data\train\ok_front\cast_ok_0_6176.jpeg,normal
data\raw\casting_data\train\ok_front\cast_ok_0_6179.jpeg,normal
data\raw\casting_data\train\ok_front\cast_ok_0_6186.jpeg,normal
data\raw\casting_data\train\ok_front\cast_ok_0_6189.jpeg,normal
data\raw\casting_data\train\ok_front\cast_ok_0_619.jpeg,normal
data\raw\casting_data\train\ok_front\cast_ok_0_6193.jpeg,normal
data\raw\casting_data\train\ok_front\cast_ok_0_6197.jpeg,normal
data\raw\casting_data\train\ok_front\cast_ok_0_6200.jpeg,normal
data\raw\casting_data\train\ok_front\cast_ok_0_6205.jpeg,normal
data\raw\casting_data\train\ok_front\cast_ok_0_6207.jpeg,normal
data\raw\casting_data\train\ok_front\cast_ok_0_6208.jpeg,normal
data\raw\casting_data\train\ok_front\cast_ok_0_6216.jpeg,normal
data\raw\casting_data\train\ok_front\cast_ok_0_6229.jpeg,normal
data\raw\casting_data\train\ok_front\cast_ok_0_6234.jpeg,normal
data\raw\casting_data\train\ok_front\cast_ok_0_6247.jpeg,normal
data\raw\casting_data\train\ok_front\cast_ok_0_625.jpeg,normal
data\raw\casting_data\train\ok_front\cast_ok_0_6252.jpeg,normal
data\raw\casting_data\train\ok_front\cast_ok_0_6254.jpeg,normal
data\raw\casting_data\train\ok_front\cast_ok_0_6259.jpeg,normal
data\raw\casting_data\train\ok_front\cast_ok_0_6261.jpeg,normal
data\raw\casting_data\train\ok_front\cast_ok_0_6262.jpeg,normal
data\raw\casting_data\train\ok_front\cast_ok_0_6265.jpeg,normal
data\raw\casting_data\train\ok_front\cast_ok_0_6267.jpeg,normal
data\raw\casting_data\train\ok_front\cast_ok_0_6291.jpeg,normal
data\raw\casting_data\train\ok_front\cast_ok_0_6294.jpeg,normal
data\raw\casting_data\train\ok_front\cast_ok_0_6295.jpeg,normal
data\raw\casting_data\train\ok_front\cast_ok_0_6298.jpeg,normal
data\raw\casting_data\train\ok_front\cast_ok_0_6299.jpeg,normal
data\raw\casting_data\train\ok_front\cast_ok_0_6303.jpeg,normal
data\raw\casting_data\train\ok_front\cast_ok_0_6306.jpeg,normal
data\raw\casting_data\train\ok_front\cast_ok_0_6310.jpeg,normal
data\raw\casting_data\train\ok_front\cast_ok_0_6319.jpeg,normal
data\raw\casting_data\train\ok_front\cast_ok_0_6333.jpeg,normal
data\raw\casting_data\train\ok_front\cast_ok_0_6334.jpeg,normal
data\raw\casting_data\train\ok_front\cast_ok_0_6346.jpeg,normal
data\raw\casting_data\train\ok_front\cast_ok_0_6348.jpeg,normal
data\raw\casting_data\train\ok_front\cast_ok_0_6350.jpeg,normal
data\raw\casting_data\train\ok_front\cast_ok_0_6353.jpeg,normal
data\raw\casting_data\train\ok_front\cast_ok_0_6354.jpeg,normal
data\raw\casting_data\train\ok_front\cast_ok_0_6356.jpeg,normal
data\raw\casting_data\train\ok_front\cast_ok_0_6358.jpeg,normal
data\raw\casting_data\train\ok_front\cast_ok_0_6361.jpeg,normal
data\raw\casting_data\train\ok_front\cast_ok_0_6368.jpeg,normal
data\raw\casting_data\train\ok_front\cast_ok_0_6369.jpeg,normal
data\raw\casting_data\train\ok_front\cast_ok_0_6372.jpeg,normal
data\raw\casting_data\train\ok_front\cast_ok_0_6374.jpeg,normal
data\raw\casting_data\train\ok_front\cast_ok_0_6379.jpeg,normal
data\raw\casting_data\train\ok_front\cast_ok_0_638.jpeg,normal
data\raw\casting_data\train\ok_front\cast_ok_0_6381.jpeg,normal
data\raw\casting_data\train\ok_front\cast_ok_0_6384.jpeg,normal
data\raw\casting_data\train\ok_front\cast_ok_0_6388.jpeg,normal
data\raw\casting_data\train\ok_front\cast_ok_0_6391.jpeg,normal
data\raw\casting_data\train\ok_front\cast_ok_0_6392.jpeg,normal
data\raw\casting_data\train\ok_front\cast_ok_0_6394.jpeg,normal
data\raw\casting_data\train\ok_front\cast_ok_0_6398.jpeg,normal
data\raw\casting_data\train\ok_front\cast_ok_0_6402.jpeg,normal
data\raw\casting_data\train\ok_front\cast_ok_0_6406.jpeg,normal
data\raw\casting_data\train\ok_front\cast_ok_0_6407.jpeg,normal
data\raw\casting_data\train\ok_front\cast_ok_0_6409.jpeg,normal
data\raw\casting_data\train\ok_front\cast_ok_0_6416.jpeg,normal
data\raw\casting_data\train\ok_front\cast_ok_0_6419.jpeg,normal
data\raw\casting_data\train\ok_front\cast_ok_0_6428.jpeg,normal
data\raw\casting_data\train\ok_front\cast_ok_0_6429.jpeg,normal
data\raw\casting_data\train\ok_front\cast_ok_0_643.jpeg,normal
data\raw\casting_data\train\ok_front\cast_ok_0_6430.jpeg,normal
data\raw\casting_data\train\ok_front\cast_ok_0_6432.jpeg,normal
data\raw\casting_data\train\ok_front\cast_ok_0_6433.jpeg,normal
data\raw\casting_data\train\ok_front\cast_ok_0_6434.jpeg,normal
data\raw\casting_data\train\ok_front\cast_ok_0_6435.jpeg,normal
data\raw\casting_data\train\ok_front\cast_ok_0_6437.jpeg,normal
data\raw\casting_data\train\ok_front\cast_ok_0_6441.jpeg,normal
data\raw\casting_data\train\ok_front\cast_ok_0_6447.jpeg,normal
data\raw\casting_data\train\ok_front\cast_ok_0_6455.jpeg,normal
data\raw\casting_data\train\ok_front\cast_ok_0_6472.jpeg,normal
data\raw\casting_data\train\ok_front\cast_ok_0_6479.jpeg,normal
data\raw\casting_data\train\ok_front\cast_ok_0_6483.jpeg,normal
data\raw\casting_data\train\ok_front\cast_ok_0_6485.jpeg,normal
data\raw\casting_data\train\ok_front\cast_ok_0_6487.jpeg,normal
data\raw\casting_data\train\ok_front\cast_ok_0_6488.jpeg,normal
data\raw\casting_data\train\ok_front\cast_ok_0_6492.jpeg,normal
data\raw\casting_data\train\ok_front\cast_ok_0_6498.jpeg,normal
data\raw\casting_data\train\ok_front\cast_ok_0_65.jpeg,normal
data\raw\casting_data\train\ok_front\cast_ok_0_6517.jpeg,normal
data\raw\casting_data\train\ok_front\cast_ok_0_6522.jpeg,normal
data\raw\casting_data\train\ok_front\cast_ok_0_6526.jpeg,normal
data\raw\casting_data\train\ok_front\cast_ok_0_6538.jpeg,normal
data\raw\casting_data\train\ok_front\cast_ok_0_6540.jpeg,normal
data\raw\casting_data\train\ok_front\cast_ok_0_6543.jpeg,normal
data\raw\casting_data\train\ok_front\cast_ok_0_6550.jpeg,normal
data\raw\casting_data\train\ok_front\cast_ok_0_6551.jpeg,normal
data\raw\casting_data\train\ok_front\cast_ok_0_6552.jpeg,normal
data\raw\casting_data\train\ok_front\cast_ok_0_6561.jpeg,normal
data\raw\casting_data\train\ok_front\cast_ok_0_6563.jpeg,normal
data\raw\casting_data\train\ok_front\cast_ok_0_6568.jpeg,normal
data\raw\casting_data\train\ok_front\cast_ok_0_6570.jpeg,normal
data\raw\casting_data\train\ok_front\cast_ok_0_6576.jpeg,normal
data\raw\casting_data\train\ok_front\cast_ok_0_658.jpeg,normal
data\raw\casting_data\train\ok_front\cast_ok_0_6580.jpeg,normal
data\raw\casting_data\train\ok_front\cast_ok_0_6581.jpeg,normal
data\raw\casting_data\train\ok_front\cast_ok_0_6582.jpeg,normal
data\raw\casting_data\train\ok_front\cast_ok_0_6588.jpeg,normal
data\raw\casting_data\train\ok_front\cast_ok_0_6592.jpeg,normal
data\raw\casting_data\train\ok_front\cast_ok_0_6599.jpeg,normal
data\raw\casting_data\train\ok_front\cast_ok_0_6619.jpeg,normal
data\raw\casting_data\train\ok_front\cast_ok_0_6620.jpeg,normal
data\raw\casting_data\train\ok_front\cast_ok_0_6621.jpeg,normal
data\raw\casting_data\train\ok_front\cast_ok_0_6625.jpeg,normal
data\raw\casting_data\train\ok_front\cast_ok_0_6633.jpeg,normal
data\raw\casting_data\train\ok_front\cast_ok_0_6636.jpeg,normal
data\raw\casting_data\train\ok_front\cast_ok_0_664.jpeg,normal
data\raw\casting_data\train\ok_front\cast_ok_0_6640.jpeg,normal
data\raw\casting_data\train\ok_front\cast_ok_0_6646.jpeg,normal
data\raw\casting_data\train\ok_front\cast_ok_0_6657.jpeg,normal
data\raw\casting_data\train\ok_front\cast_ok_0_666.jpeg,normal
data\raw\casting_data\train\ok_front\cast_ok_0_6665.jpeg,normal
data\raw\casting_data\train\ok_front\cast_ok_0_6673.jpeg,normal
data\raw\casting_data\train\ok_front\cast_ok_0_6680.jpeg,normal
data\raw\casting_data\train\ok_front\cast_ok_0_6683.jpeg,normal
data\raw\casting_data\train\ok_front\cast_ok_0_6684.jpeg,normal
data\raw\casting_data\train\ok_front\cast_ok_0_6687.jpeg,normal
data\raw\casting_data\train\ok_front\cast_ok_0_6690.jpeg,normal
data\raw\casting_data\train\ok_front\cast_ok_0_6692.jpeg,normal
data\raw\casting_data\train\ok_front\cast_ok_0_6695.jpeg,normal
data\raw\casting_data\train\ok_front\cast_ok_0_6699.jpeg,normal
data\raw\casting_data\train\ok_front\cast_ok_0_671.jpeg,normal
data\raw\casting_data\train\ok_front\cast_ok_0_6712.jpeg,normal
data\raw\casting_data\train\ok_front\cast_ok_0_6713.jpeg,normal
data\raw\casting_data\train\ok_front\cast_ok_0_6714.jpeg,normal
data\raw\casting_data\train\ok_front\cast_ok_0_6715.jpeg,normal
data\raw\casting_data\train\ok_front\cast_ok_0_6718.jpeg,normal
data\raw\casting_data\train\ok_front\cast_ok_0_6719.jpeg,normal
data\raw\casting_data\train\ok_front\cast_ok_0_6727.jpeg,normal
data\raw\casting_data\train\ok_front\cast_ok_0_6728.jpeg,normal
data\raw\casting_data\train\ok_front\cast_ok_0_6729.jpeg,normal
data\raw\casting_data\train\ok_front\cast_ok_0_6731.jpeg,normal
data\raw\casting_data\train\ok_front\cast_ok_0_6737.jpeg,normal
data\raw\casting_data\train\ok_front\cast_ok_0_6753.jpeg,normal
data\raw\casting_data\train\ok_front\cast_ok_0_6755.jpeg,normal
data\raw\casting_data\train\ok_front\cast_ok_0_6756.jpeg,normal
data\raw\casting_data\train\ok_front\cast_ok_0_6758.jpeg,normal
data\raw\casting_data\train\ok_front\cast_ok_0_6763.jpeg,normal
data\raw\casting_data\train\ok_front\cast_ok_0_6764.jpeg,normal
data\raw\casting_data\train\ok_front\cast_ok_0_6766.jpeg,normal
data\raw\casting_data\train\ok_front\cast_ok_0_6769.jpeg,normal
data\raw\casting_data\train\ok_front\cast_ok_0_6770.jpeg,normal
data\raw\casting_data\train\ok_front\cast_ok_0_6776.jpeg,normal
data\raw\casting_data\train\ok_front\cast_ok_0_6779.jpeg,normal
data\raw\casting_data\train\ok_front\cast_ok_0_6782.jpeg,normal
data\raw\casting_data\train\ok_front\cast_ok_0_6788.jpeg,normal
data\raw\casting_data\train\ok_front\cast_ok_0_6789.jpeg,normal
data\raw\casting_data\train\ok_front\cast_ok_0_6792.jpeg,normal
data\raw\casting_data\train\ok_front\cast_ok_0_6798.jpeg,normal
data\raw\casting_data\train\ok_front\cast_ok_0_6802.jpeg,normal
data\raw\casting_data\train\ok_front\cast_ok_0_6807.jpeg,normal
data\raw\casting_data\train\ok_front\cast_ok_0_6809.jpeg,normal
data\raw\casting_data\train\ok_front\cast_ok_0_681.jpeg,normal
data\raw\casting_data\train\ok_front\cast_ok_0_6810.jpeg,normal
data\raw\casting_data\train\ok_front\cast_ok_0_6813.jpeg,normal
data\raw\casting_data\train\ok_front\cast_ok_0_6816.jpeg,normal
data\raw\casting_data\train\ok_front\cast_ok_0_6825.jpeg,normal
data\raw\casting_data\train\ok_front\cast_ok_0_6832.jpeg,normal
data\raw\casting_data\train\ok_front\cast_ok_0_684.jpeg,normal
data\raw\casting_data\train\ok_front\cast_ok_0_6858.jpeg,normal
data\raw\casting_data\train\ok_front\cast_ok_0_6860.jpeg,normal
data\raw\casting_data\train\ok_front\cast_ok_0_6866.jpeg,normal
data\raw\casting_data\train\ok_front\cast_ok_0_6870.jpeg,normal
data\raw\casting_data\train\ok_front\cast_ok_0_6876.jpeg,normal
data\raw\casting_data\train\ok_front\cast_ok_0_6878.jpeg,normal
data\raw\casting_data\train\ok_front\cast_ok_0_6883.jpeg,normal
data\raw\casting_data\train\ok_front\cast_ok_0_6898.jpeg,normal
data\raw\casting_data\train\ok_front\cast_ok_0_6902.jpeg,normal
data\raw\casting_data\train\ok_front\cast_ok_0_6906.jpeg,normal
data\raw\casting_data\train\ok_front\cast_ok_0_6908.jpeg,normal
data\raw\casting_data\train\ok_front\cast_ok_0_6912.jpeg,normal
data\raw\casting_data\train\ok_front\cast_ok_0_6913.jpeg,normal
data\raw\casting_data\train\ok_front\cast_ok_0_6921.jpeg,normal
data\raw\casting_data\train\ok_front\cast_ok_0_6922.jpeg,normal
data\raw\casting_data\train\ok_front\cast_ok_0_6931.jpeg,normal
data\raw\casting_data\train\ok_front\cast_ok_0_6933.jpeg,normal
data\raw\casting_data\train\ok_front\cast_ok_0_6934.jpeg,normal
data\raw\casting_data\train\ok_front\cast_ok_0_6947.jpeg,normal
data\raw\casting_data\train\ok_front\cast_ok_0_695.jpeg,normal
data\raw\casting_data\train\ok_front\cast_ok_0_6950.jpeg,normal
data\raw\casting_data\train\ok_front\cast_ok_0_6960.jpeg,normal
data\raw\casting_data\train\ok_front\cast_ok_0_6967.jpeg,normal
data\raw\casting_data\train\ok_front\cast_ok_0_697.jpeg,normal
data\raw\casting_data\train\ok_front\cast_ok_0_6973.jpeg,normal
data\raw\casting_data\train\ok_front\cast_ok_0_6976.jpeg,normal
data\raw\casting_data\train\ok_front\cast_ok_0_6979.jpeg,normal
data\raw\casting_data\train\ok_front\cast_ok_0_6982.jpeg,normal
data\raw\casting_data\train\ok_front\cast_ok_0_6985.jpeg,normal
data\raw\casting_data\train\ok_front\cast_ok_0_70.jpeg,normal
data\raw\casting_data\train\ok_front\cast_ok_0_7002.jpeg,normal
data\raw\casting_data\train\ok_front\cast_ok_0_7005.jpeg,normal
data\raw\casting_data\train\ok_front\cast_ok_0_7009.jpeg,normal
data\raw\casting_data\train\ok_front\cast_ok_0_701.jpeg,normal
data\raw\casting_data\train\ok_front\cast_ok_0_7016.jpeg,normal
data\raw\casting_data\train\ok_front\cast_ok_0_7018.jpeg,normal
data\raw\casting_data\train\ok_front\cast_ok_0_7021.jpeg,normal
data\raw\casting_data\train\ok_front\cast_ok_0_7025.jpeg,normal
data\raw\casting_data\train\ok_front\cast_ok_0_7029.jpeg,normal
data\raw\casting_data\train\ok_front\cast_ok_0_7032.jpeg,normal
data\raw\casting_data\train\ok_front\cast_ok_0_7037.jpeg,normal
data\raw\casting_data\train\ok_front\cast_ok_0_7046.jpeg,normal
data\raw\casting_data\train\ok_front\cast_ok_0_7047.jpeg,normal
data\raw\casting_data\train\ok_front\cast_ok_0_7051.jpeg,normal
data\raw\casting_data\train\ok_front\cast_ok_0_7054.jpeg,normal
data\raw\casting_data\train\ok_front\cast_ok_0_7055.jpeg,normal
data\raw\casting_data\train\ok_front\cast_ok_0_7058.jpeg,normal
data\raw\casting_data\train\ok_front\cast_ok_0_7060.jpeg,normal
data\raw\casting_data\train\ok_front\cast_ok_0_7064.jpeg,normal
data\raw\casting_data\train\ok_front\cast_ok_0_7079.jpeg,normal
data\raw\casting_data\train\ok_front\cast_ok_0_7089.jpeg,normal
data\raw\casting_data\train\ok_front\cast_ok_0_709.jpeg,normal
data\raw\casting_data\train\ok_front\cast_ok_0_7092.jpeg,normal
data\raw\casting_data\train\ok_front\cast_ok_0_7095.jpeg,normal
data\raw\casting_data\train\ok_front\cast_ok_0_7096.jpeg,normal
data\raw\casting_data\train\ok_front\cast_ok_0_7097.jpeg,normal
data\raw\casting_data\train\ok_front\cast_ok_0_7098.jpeg,normal
data\raw\casting_data\train\ok_front\cast_ok_0_710.jpeg,normal
data\raw\casting_data\train\ok_front\cast_ok_0_7100.jpeg,normal
data\raw\casting_data\train\ok_front\cast_ok_0_711.jpeg,normal
data\raw\casting_data\train\ok_front\cast_ok_0_7111.jpeg,normal
data\raw\casting_data\train\ok_front\cast_ok_0_7115.jpeg,normal
data\raw\casting_data\train\ok_front\cast_ok_0_7117.jpeg,normal
data\raw\casting_data\train\ok_front\cast_ok_0_7119.jpeg,normal
data\raw\casting_data\train\ok_front\cast_ok_0_7127.jpeg,normal
data\raw\casting_data\train\ok_front\cast_ok_0_7129.jpeg,normal
data\raw\casting_data\train\ok_front\cast_ok_0_713.jpeg,normal
data\raw\casting_data\train\ok_front\cast_ok_0_7130.jpeg,normal
data\raw\casting_data\train\ok_front\cast_ok_0_7133.jpeg,normal
data\raw\casting_data\train\ok_front\cast_ok_0_7134.jpeg,normal
data\raw\casting_data\train\ok_front\cast_ok_0_7136.jpeg,normal
data\raw\casting_data\train\ok_front\cast_ok_0_7139.jpeg,normal
data\raw\casting_data\train\ok_front\cast_ok_0_7144.jpeg,normal
data\raw\casting_data\train\ok_front\cast_ok_0_7158.jpeg,normal
data\raw\casting_data\train\ok_front\cast_ok_0_716.jpeg,normal
data\raw\casting_data\train\ok_front\cast_ok_0_7161.jpeg,normal
data\raw\casting_data\train\ok_front\cast_ok_0_7162.jpeg,normal
data\raw\casting_data\train\ok_front\cast_ok_0_7168.jpeg,normal
data\raw\casting_data\train\ok_front\cast_ok_0_7174.jpeg,normal
data\raw\casting_data\train\ok_front\cast_ok_0_7187.jpeg,normal
data\raw\casting_data\train\ok_front\cast_ok_0_7188.jpeg,normal
data\raw\casting_data\train\ok_front\cast_ok_0_7191.jpeg,normal
data\raw\casting_data\train\ok_front\cast_ok_0_7205.jpeg,normal
data\raw\casting_data\train\ok_front\cast_ok_0_7206.jpeg,normal
data\raw\casting_data\train\ok_front\cast_ok_0_7214.jpeg,normal
data\raw\casting_data\train\ok_front\cast_ok_0_7228.jpeg,normal
data\raw\casting_data\train\ok_front\cast_ok_0_7232.jpeg,normal
data\raw\casting_data\train\ok_front\cast_ok_0_7234.jpeg,normal
data\raw\casting_data\train\ok_front\cast_ok_0_7235.jpeg,normal
data\raw\casting_data\train\ok_front\cast_ok_0_7255.jpeg,normal
data\raw\casting_data\train\ok_front\cast_ok_0_7256.jpeg,normal
data\raw\casting_data\train\ok_front\cast_ok_0_7257.jpeg,normal
data\raw\casting_data\train\ok_front\cast_ok_0_7260.jpeg,normal
data\raw\casting_data\train\ok_front\cast_ok_0_7263.jpeg,normal
data\raw\casting_data\train\ok_front\cast_ok_0_7266.jpeg,normal
data\raw\casting_data\train\ok_front\cast_ok_0_7271.jpeg,normal
data\raw\casting_data\train\ok_front\cast_ok_0_7279.jpeg,normal
data\raw\casting_data\train\ok_front\cast_ok_0_7285.jpeg,normal
data\raw\casting_data\train\ok_front\cast_ok_0_7288.jpeg,normal
data\raw\casting_data\train\ok_front\cast_ok_0_7293.jpeg,normal
data\raw\casting_data\train\ok_front\cast_ok_0_7295.jpeg,normal
data\raw\casting_data\train\ok_front\cast_ok_0_7318.jpeg,normal
data\raw\casting_data\train\ok_front\cast_ok_0_7319.jpeg,normal
data\raw\casting_data\train\ok_front\cast_ok_0_7320.jpeg,normal
data\raw\casting_data\train\ok_front\cast_ok_0_7324.jpeg,normal
data\raw\casting_data\train\ok_front\cast_ok_0_7331.jpeg,normal
data\raw\casting_data\train\ok_front\cast_ok_0_7333.jpeg,normal
data\raw\casting_data\train\ok_front\cast_ok_0_7336.jpeg,normal
data\raw\casting_data\train\ok_front\cast_ok_0_7342.jpeg,normal
data\raw\casting_data\train\ok_front\cast_ok_0_7349.jpeg,normal
data\raw\casting_data\train\ok_front\cast_ok_0_736.jpeg,normal
data\raw\casting_data\train\ok_front\cast_ok_0_7367.jpeg,normal
data\raw\casting_data\train\ok_front\cast_ok_0_7368.jpeg,normal
data\raw\casting_data\train\ok_front\cast_ok_0_7372.jpeg,normal
data\raw\casting_data\train\ok_front\cast_ok_0_7376.jpeg,normal
data\raw\casting_data\train\ok_front\cast_ok_0_7379.jpeg,normal
data\raw\casting_data\train\ok_front\cast_ok_0_738.jpeg,normal
data\raw\casting_data\train\ok_front\cast_ok_0_7380.jpeg,normal
data\raw\casting_data\train\ok_front\cast_ok_0_7381.jpeg,normal
data\raw\casting_data\train\ok_front\cast_ok_0_7383.jpeg,normal
data\raw\casting_data\train\ok_front\cast_ok_0_7389.jpeg,normal
data\raw\casting_data\train\ok_front\cast_ok_0_740.jpeg,normal
data\raw\casting_data\train\ok_front\cast_ok_0_7402.jpeg,normal
data\raw\casting_data\train\ok_front\cast_ok_0_7411.jpeg,normal
data\raw\casting_data\train\ok_front\cast_ok_0_7424.jpeg,normal
data\raw\casting_data\train\ok_front\cast_ok_0_7435.jpeg,normal
data\raw\casting_data\train\ok_front\cast_ok_0_7437.jpeg,normal
data\raw\casting_data\train\ok_front\cast_ok_0_7446.jpeg,normal
data\raw\casting_data\train\ok_front\cast_ok_0_7447.jpeg,normal
data\raw\casting_data\train\ok_front\cast_ok_0_745.jpeg,normal
data\raw\casting_data\train\ok_front\cast_ok_0_7451.jpeg,normal
data\raw\casting_data\train\ok_front\cast_ok_0_7458.jpeg,normal
data\raw\casting_data\train\ok_front\cast_ok_0_7459.jpeg,normal
data\raw\casting_data\train\ok_front\cast_ok_0_7463.jpeg,normal
data\raw\casting_data\train\ok_front\cast_ok_0_7465.jpeg,normal
data\raw\casting_data\train\ok_front\cast_ok_0_7476.jpeg,normal
data\raw\casting_data\train\ok_front\cast_ok_0_7487.jpeg,normal
data\raw\casting_data\train\ok_front\cast_ok_0_7491.jpeg,normal
data\raw\casting_data\train\ok_front\cast_ok_0_7493.jpeg,normal
data\raw\casting_data\train\ok_front\cast_ok_0_7494.jpeg,normal
data\raw\casting_data\train\ok_front\cast_ok_0_75.jpeg,normal
data\raw\casting_data\train\ok_front\cast_ok_0_7507.jpeg,normal
data\raw\casting_data\train\ok_front\cast_ok_0_751.jpeg,normal
data\raw\casting_data\train\ok_front\cast_ok_0_7511.jpeg,normal
data\raw\casting_data\train\ok_front\cast_ok_0_7515.jpeg,normal
data\raw\casting_data\train\ok_front\cast_ok_0_7517.jpeg,normal
data\raw\casting_data\train\ok_front\cast_ok_0_7519.jpeg,normal
data\raw\casting_data\train\ok_front\cast_ok_0_752.jpeg,normal
data\raw\casting_data\train\ok_front\cast_ok_0_7531.jpeg,normal
data\raw\casting_data\train\ok_front\cast_ok_0_7543.jpeg,normal
data\raw\casting_data\train\ok_front\cast_ok_0_7546.jpeg,normal
data\raw\casting_data\train\ok_front\cast_ok_0_7547.jpeg,normal
data\raw\casting_data\train\ok_front\cast_ok_0_7550.jpeg,normal
data\raw\casting_data\train\ok_front\cast_ok_0_7557.jpeg,normal
data\raw\casting_data\train\ok_front\cast_ok_0_7560.jpeg,normal
data\raw\casting_data\train\ok_front\cast_ok_0_7570.jpeg,normal
data\raw\casting_data\train\ok_front\cast_ok_0_7574.jpeg,normal
data\raw\casting_data\train\ok_front\cast_ok_0_7575.jpeg,normal
data\raw\casting_data\train\ok_front\cast_ok_0_7577.jpeg,normal
data\raw\casting_data\train\ok_front\cast_ok_0_7588.jpeg,normal
data\raw\casting_data\train\ok_front\cast_ok_0_7595.jpeg,normal
data\raw\casting_data\train\ok_front\cast_ok_0_76.jpeg,normal
data\raw\casting_data\train\ok_front\cast_ok_0_7606.jpeg,normal
data\raw\casting_data\train\ok_front\cast_ok_0_7607.jpeg,normal
data\raw\casting_data\train\ok_front\cast_ok_0_7609.jpeg,normal
data\raw\casting_data\train\ok_front\cast_ok_0_761.jpeg,normal
data\raw\casting_data\train\ok_front\cast_ok_0_7613.jpeg,normal
data\raw\casting_data\train\ok_front\cast_ok_0_7617.jpeg,normal
data\raw\casting_data\train\ok_front\cast_ok_0_7618.jpeg,normal
data\raw\casting_data\train\ok_front\cast_ok_0_7622.jpeg,normal
data\raw\casting_data\train\ok_front\cast_ok_0_7627.jpeg,normal
data\raw\casting_data\train\ok_front\cast_ok_0_7629.jpeg,normal
data\raw\casting_data\train\ok_front\cast_ok_0_7636.jpeg,normal
data\raw\casting_data\train\ok_front\cast_ok_0_7644.jpeg,normal
data\raw\casting_data\train\ok_front\cast_ok_0_7648.jpeg,normal
data\raw\casting_data\train\ok_front\cast_ok_0_7656.jpeg,normal
data\raw\casting_data\train\ok_front\cast_ok_0_766.jpeg,normal
data\raw\casting_data\train\ok_front\cast_ok_0_7662.jpeg,normal
data\raw\casting_data\train\ok_front\cast_ok_0_7664.jpeg,normal
data\raw\casting_data\train\ok_front\cast_ok_0_7666.jpeg,normal
data\raw\casting_data\train\ok_front\cast_ok_0_7673.jpeg,normal
data\raw\casting_data\train\ok_front\cast_ok_0_7674.jpeg,normal
data\raw\casting_data\train\ok_front\cast_ok_0_7677.jpeg,normal
data\raw\casting_data\train\ok_front\cast_ok_0_768.jpeg,normal
data\raw\casting_data\train\ok_front\cast_ok_0_7685.jpeg,normal
data\raw\casting_data\train\ok_front\cast_ok_0_7695.jpeg,normal
data\raw\casting_data\train\ok_front\cast_ok_0_7701.jpeg,normal
data\raw\casting_data\train\ok_front\cast_ok_0_7702.jpeg,normal
data\raw\casting_data\train\ok_front\cast_ok_0_7712.jpeg,normal
data\raw\casting_data\train\ok_front\cast_ok_0_7717.jpeg,normal
data\raw\casting_data\train\ok_front\cast_ok_0_7719.jpeg,normal
data\raw\casting_data\train\ok_front\cast_ok_0_772.jpeg,normal
data\raw\casting_data\train\ok_front\cast_ok_0_7722.jpeg,normal
data\raw\casting_data\train\ok_front\cast_ok_0_7725.jpeg,normal
data\raw\casting_data\train\ok_front\cast_ok_0_7732.jpeg,normal
data\raw\casting_data\train\ok_front\cast_ok_0_7734.jpeg,normal
data\raw\casting_data\train\ok_front\cast_ok_0_7736.jpeg,normal
data\raw\casting_data\train\ok_front\cast_ok_0_7740.jpeg,normal
data\raw\casting_data\train\ok_front\cast_ok_0_7746.jpeg,normal
data\raw\casting_data\train\ok_front\cast_ok_0_7753.jpeg,normal
data\raw\casting_data\train\ok_front\cast_ok_0_7760.jpeg,normal
data\raw\casting_data\train\ok_front\cast_ok_0_7776.jpeg,normal
data\raw\casting_data\train\ok_front\cast_ok_0_7781.jpeg,normal
data\raw\casting_data\train\ok_front\cast_ok_0_7786.jpeg,normal
data\raw\casting_data\train\ok_front\cast_ok_0_78.jpeg,normal
data\raw\casting_data\train\ok_front\cast_ok_0_7806.jpeg,normal
data\raw\casting_data\train\ok_front\cast_ok_0_7807.jpeg,normal
data\raw\casting_data\train\ok_front\cast_ok_0_7815.jpeg,normal
data\raw\casting_data\train\ok_front\cast_ok_0_7819.jpeg,normal
data\raw\casting_data\train\ok_front\cast_ok_0_7824.jpeg,normal
data\raw\casting_data\train\ok_front\cast_ok_0_7825.jpeg,normal
data\raw\casting_data\train\ok_front\cast_ok_0_7826.jpeg,normal
data\raw\casting_data\train\ok_front\cast_ok_0_7829.jpeg,normal
data\raw\casting_data\train\ok_front\cast_ok_0_783.jpeg,normal
data\raw\casting_data\train\ok_front\cast_ok_0_7830.jpeg,normal
data\raw\casting_data\train\ok_front\cast_ok_0_7834.jpeg,normal
data\raw\casting_data\train\ok_front\cast_ok_0_7836.jpeg,normal
data\raw\casting_data\train\ok_front\cast_ok_0_7837.jpeg,normal
data\raw\casting_data\train\ok_front\cast_ok_0_7838.jpeg,normal
data\raw\casting_data\train\ok_front\cast_ok_0_7843.jpeg,normal
data\raw\casting_data\train\ok_front\cast_ok_0_7847.jpeg,normal
data\raw\casting_data\train\ok_front\cast_ok_0_7848.jpeg,normal
data\raw\casting_data\train\ok_front\cast_ok_0_7849.jpeg,normal
data\raw\casting_data\train\ok_front\cast_ok_0_7856.jpeg,normal
data\raw\casting_data\train\ok_front\cast_ok_0_7857.jpeg,normal
data\raw\casting_data\train\ok_front\cast_ok_0_7866.jpeg,normal
data\raw\casting_data\train\ok_front\cast_ok_0_7870.jpeg,normal
data\raw\casting_data\train\ok_front\cast_ok_0_7873.jpeg,normal
data\raw\casting_data\train\ok_front\cast_ok_0_7879.jpeg,normal
data\raw\casting_data\train\ok_front\cast_ok_0_7889.jpeg,normal
data\raw\casting_data\train\ok_front\cast_ok_0_7890.jpeg,normal
data\raw\casting_data\train\ok_front\cast_ok_0_7891.jpeg,normal
data\raw\casting_data\train\ok_front\cast_ok_0_7893.jpeg,normal
data\raw\casting_data\train\ok_front\cast_ok_0_7901.jpeg,normal
data\raw\casting_data\train\ok_front\cast_ok_0_7903.jpeg,normal
data\raw\casting_data\train\ok_front\cast_ok_0_7906.jpeg,normal
data\raw\casting_data\train\ok_front\cast_ok_0_791.jpeg,normal
data\raw\casting_data\train\ok_front\cast_ok_0_7911.jpeg,normal
data\raw\casting_data\train\ok_front\cast_ok_0_7915.jpeg,normal
data\raw\casting_data\train\ok_front\cast_ok_0_7919.jpeg,normal
data\raw\casting_data\train\ok_front\cast_ok_0_792.jpeg,normal
data\raw\casting_data\train\ok_front\cast_ok_0_7921.jpeg,normal
data\raw\casting_data\train\ok_front\cast_ok_0_7927.jpeg,normal
data\raw\casting_data\train\ok_front\cast_ok_0_7928.jpeg,normal
data\raw\casting_data\train\ok_front\cast_ok_0_7929.jpeg,normal
data\raw\casting_data\train\ok_front\cast_ok_0_793.jpeg,normal
data\raw\casting_data\train\ok_front\cast_ok_0_7932.jpeg,normal
data\raw\casting_data\train\ok_front\cast_ok_0_7933.jpeg,normal
data\raw\casting_data\train\ok_front\cast_ok_0_7939.jpeg,normal
data\raw\casting_data\train\ok_front\cast_ok_0_7946.jpeg,normal
data\raw\casting_data\train\ok_front\cast_ok_0_7949.jpeg,normal
data\raw\casting_data\train\ok_front\cast_ok_0_7951.jpeg,normal
data\raw\casting_data\train\ok_front\cast_ok_0_796.jpeg,normal
data\raw\casting_data\train\ok_front\cast_ok_0_7960.jpeg,normal
data\raw\casting_data\train\ok_front\cast_ok_0_7966.jpeg,normal
data\raw\casting_data\train\ok_front\cast_ok_0_797.jpeg,normal
data\raw\casting_data\train\ok_front\cast_ok_0_7978.jpeg,normal
data\raw\casting_data\train\ok_front\cast_ok_0_7987.jpeg,normal
data\raw\casting_data\train\ok_front\cast_ok_0_7988.jpeg,normal
data\raw\casting_data\train\ok_front\cast_ok_0_7989.jpeg,normal
data\raw\casting_data\train\ok_front\cast_ok_0_7994.jpeg,normal
data\raw\casting_data\train\ok_front\cast_ok_0_7995.jpeg,normal
data\raw\casting_data\train\ok_front\cast_ok_0_8.jpeg,normal
data\raw\casting_data\train\ok_front\cast_ok_0_801.jpeg,normal
data\raw\casting_data\train\ok_front\cast_ok_0_8015.jpeg,normal
data\raw\casting_data\train\ok_front\cast_ok_0_8016.jpeg,normal
data\raw\casting_data\train\ok_front\cast_ok_0_802.jpeg,normal
data\raw\casting_data\train\ok_front\cast_ok_0_8026.jpeg,normal
data\raw\casting_data\train\ok_front\cast_ok_0_8027.jpeg,normal
data\raw\casting_data\train\ok_front\cast_ok_0_8028.jpeg,normal
data\raw\casting_data\train\ok_front\cast_ok_0_8031.jpeg,normal
data\raw\casting_data\train\ok_front\cast_ok_0_8033.jpeg,normal
data\raw\casting_data\train\ok_front\cast_ok_0_8036.jpeg,normal
data\raw\casting_data\train\ok_front\cast_ok_0_8042.jpeg,normal
data\raw\casting_data\train\ok_front\cast_ok_0_8044.jpeg,normal
data\raw\casting_data\train\ok_front\cast_ok_0_8047.jpeg,normal
data\raw\casting_data\train\ok_front\cast_ok_0_805.jpeg,normal
data\raw\casting_data\train\ok_front\cast_ok_0_8051.jpeg,normal
data\raw\casting_data\train\ok_front\cast_ok_0_8062.jpeg,normal
data\raw\casting_data\train\ok_front\cast_ok_0_8065.jpeg,normal
data\raw\casting_data\train\ok_front\cast_ok_0_8081.jpeg,normal
data\raw\casting_data\train\ok_front\cast_ok_0_8085.jpeg,normal
data\raw\casting_data\train\ok_front\cast_ok_0_8089.jpeg,normal
data\raw\casting_data\train\ok_front\cast_ok_0_8093.jpeg,normal
data\raw\casting_data\train\ok_front\cast_ok_0_8096.jpeg,normal
data\raw\casting_data\train\ok_front\cast_ok_0_8109.jpeg,normal
data\raw\casting_data\train\ok_front\cast_ok_0_811.jpeg,normal
data\raw\casting_data\train\ok_front\cast_ok_0_8110.jpeg,normal
data\raw\casting_data\train\ok_front\cast_ok_0_8117.jpeg,normal
data\raw\casting_data\train\ok_front\cast_ok_0_8118.jpeg,normal
data\raw\casting_data\train\ok_front\cast_ok_0_8124.jpeg,normal
data\raw\casting_data\train\ok_front\cast_ok_0_8128.jpeg,normal
data\raw\casting_data\train\ok_front\cast_ok_0_8136.jpeg,normal
data\raw\casting_data\train\ok_front\cast_ok_0_8138.jpeg,normal
data\raw\casting_data\train\ok_front\cast_ok_0_8141.jpeg,normal
data\raw\casting_data\train\ok_front\cast_ok_0_8144.jpeg,normal
data\raw\casting_data\train\ok_front\cast_ok_0_8147.jpeg,normal
data\raw\casting_data\train\ok_front\cast_ok_0_8148.jpeg,normal
data\raw\casting_data\train\ok_front\cast_ok_0_8152.jpeg,normal
data\raw\casting_data\train\ok_front\cast_ok_0_8168.jpeg,normal
data\raw\casting_data\train\ok_front\cast_ok_0_8173.jpeg,normal
data\raw\casting_data\train\ok_front\cast_ok_0_8175.jpeg,normal
data\raw\casting_data\train\ok_front\cast_ok_0_8178.jpeg,normal
data\raw\casting_data\train\ok_front\cast_ok_0_8179.jpeg,normal
data\raw\casting_data\train\ok_front\cast_ok_0_8192.jpeg,normal
data\raw\casting_data\train\ok_front\cast_ok_0_8196.jpeg,normal
data\raw\casting_data\train\ok_front\cast_ok_0_82.jpeg,normal
data\raw\casting_data\train\ok_front\cast_ok_0_8201.jpeg,normal
data\raw\casting_data\train\ok_front\cast_ok_0_8210.jpeg,normal
data\raw\casting_data\train\ok_front\cast_ok_0_8212.jpeg,normal
data\raw\casting_data\train\ok_front\cast_ok_0_8214.jpeg,normal
data\raw\casting_data\train\ok_front\cast_ok_0_8215.jpeg,normal
data\raw\casting_data\train\ok_front\cast_ok_0_8227.jpeg,normal
data\raw\casting_data\train\ok_front\cast_ok_0_8234.jpeg,normal
data\raw\casting_data\train\ok_front\cast_ok_0_824.jpeg,normal
data\raw\casting_data\train\ok_front\cast_ok_0_8257.jpeg,normal
data\raw\casting_data\train\ok_front\cast_ok_0_8260.jpeg,normal
data\raw\casting_data\train\ok_front\cast_ok_0_8262.jpeg,normal
data\raw\casting_data\train\ok_front\cast_ok_0_8264.jpeg,normal
data\raw\casting_data\train\ok_front\cast_ok_0_8269.jpeg,normal
data\raw\casting_data\train\ok_front\cast_ok_0_8271.jpeg,normal
data\raw\casting_data\train\ok_front\cast_ok_0_8276.jpeg,normal
data\raw\casting_data\train\ok_front\cast_ok_0_8277.jpeg,normal
data\raw\casting_data\train\ok_front\cast_ok_0_8281.jpeg,normal
data\raw\casting_data\train\ok_front\cast_ok_0_8293.jpeg,normal
data\raw\casting_data\train\ok_front\cast_ok_0_8294.jpeg,normal
data\raw\casting_data\train\ok_front\cast_ok_0_8300.jpeg,normal
data\raw\casting_data\train\ok_front\cast_ok_0_8302.jpeg,normal
data\raw\casting_data\train\ok_front\cast_ok_0_8303.jpeg,normal
data\raw\casting_data\train\ok_front\cast_ok_0_8310.jpeg,normal
data\raw\casting_data\train\ok_front\cast_ok_0_8312.jpeg,normal
data\raw\casting_data\train\ok_front\cast_ok_0_8316.jpeg,normal
data\raw\casting_data\train\ok_front\cast_ok_0_8327.jpeg,normal
data\raw\casting_data\train\ok_front\cast_ok_0_8332.jpeg,normal
data\raw\casting_data\train\ok_front\cast_ok_0_8339.jpeg,normal
data\raw\casting_data\train\ok_front\cast_ok_0_8342.jpeg,normal
data\raw\casting_data\train\ok_front\cast_ok_0_8343.jpeg,normal
data\raw\casting_data\train\ok_front\cast_ok_0_8351.jpeg,normal
data\raw\casting_data\train\ok_front\cast_ok_0_8353.jpeg,normal
data\raw\casting_data\train\ok_front\cast_ok_0_8359.jpeg,normal
data\raw\casting_data\train\ok_front\cast_ok_0_8366.jpeg,normal
data\raw\casting_data\train\ok_front\cast_ok_0_837.jpeg,normal
data\raw\casting_data\train\ok_front\cast_ok_0_8375.jpeg,normal
data\raw\casting_data\train\ok_front\cast_ok_0_8377.jpeg,normal
data\raw\casting_data\train\ok_front\cast_ok_0_8378.jpeg,normal
data\raw\casting_data\train\ok_front\cast_ok_0_8379.jpeg,normal
data\raw\casting_data\train\ok_front\cast_ok_0_8391.jpeg,normal
data\raw\casting_data\train\ok_front\cast_ok_0_8392.jpeg,normal
data\raw\casting_data\train\ok_front\cast_ok_0_8404.jpeg,normal
data\raw\casting_data\train\ok_front\cast_ok_0_8405.jpeg,normal
data\raw\casting_data\train\ok_front\cast_ok_0_8413.jpeg,normal
data\raw\casting_data\train\ok_front\cast_ok_0_8420.jpeg,normal
data\raw\casting_data\train\ok_front\cast_ok_0_8421.jpeg,normal
data\raw\casting_data\train\ok_front\cast_ok_0_8427.jpeg,normal
data\raw\casting_data\train\ok_front\cast_ok_0_8436.jpeg,normal
data\raw\casting_data\train\ok_front\cast_ok_0_8442.jpeg,normal
data\raw\casting_data\train\ok_front\cast_ok_0_8456.jpeg,normal
data\raw\casting_data\train\ok_front\cast_ok_0_8459.jpeg,normal
data\raw\casting_data\train\ok_front\cast_ok_0_8460.jpeg,normal
data\raw\casting_data\train\ok_front\cast_ok_0_8466.jpeg,normal
data\raw\casting_data\train\ok_front\cast_ok_0_8467.jpeg,normal
data\raw\casting_data\train\ok_front\cast_ok_0_8478.jpeg,normal
data\raw\casting_data\train\ok_front\cast_ok_0_8479.jpeg,normal
data\raw\casting_data\train\ok_front\cast_ok_0_8485.jpeg,normal
data\raw\casting_data\train\ok_front\cast_ok_0_8490.jpeg,normal
data\raw\casting_data\train\ok_front\cast_ok_0_8498.jpeg,normal
data\raw\casting_data\train\ok_front\cast_ok_0_8503.jpeg,normal
data\raw\casting_data\train\ok_front\cast_ok_0_8508.jpeg,normal
data\raw\casting_data\train\ok_front\cast_ok_0_8513.jpeg,normal
data\raw\casting_data\train\ok_front\cast_ok_0_8517.jpeg,normal
data\raw\casting_data\train\ok_front\cast_ok_0_8523.jpeg,normal
data\raw\casting_data\train\ok_front\cast_ok_0_8526.jpeg,normal
data\raw\casting_data\train\ok_front\cast_ok_0_853.jpeg,normal
data\raw\casting_data\train\ok_front\cast_ok_0_8535.jpeg,normal
data\raw\casting_data\train\ok_front\cast_ok_0_8538.jpeg,normal
data\raw\casting_data\train\ok_front\cast_ok_0_854.jpeg,normal
data\raw\casting_data\train\ok_front\cast_ok_0_8545.jpeg,normal
data\raw\casting_data\train\ok_front\cast_ok_0_8546.jpeg,normal
data\raw\casting_data\train\ok_front\cast_ok_0_855.jpeg,normal
data\raw\casting_data\train\ok_front\cast_ok_0_8554.jpeg,normal
data\raw\casting_data\train\ok_front\cast_ok_0_8555.jpeg,normal
data\raw\casting_data\train\ok_front\cast_ok_0_8562.jpeg,normal
data\raw\casting_data\train\ok_front\cast_ok_0_8568.jpeg,normal
data\raw\casting_data\train\ok_front\cast_ok_0_8577.jpeg,normal
data\raw\casting_data\train\ok_front\cast_ok_0_8578.jpeg,normal
data\raw\casting_data\train\ok_front\cast_ok_0_8582.jpeg,normal
data\raw\casting_data\train\ok_front\cast_ok_0_8587.jpeg,normal
data\raw\casting_data\train\ok_front\cast_ok_0_8593.jpeg,normal
data\raw\casting_data\train\ok_front\cast_ok_0_8594.jpeg,normal
data\raw\casting_data\train\ok_front\cast_ok_0_8598.jpeg,normal
data\raw\casting_data\train\ok_front\cast_ok_0_8599.jpeg,normal
data\raw\casting_data\train\ok_front\cast_ok_0_860.jpeg,normal
data\raw\casting_data\train\ok_front\cast_ok_0_8600.jpeg,normal
data\raw\casting_data\train\ok_front\cast_ok_0_8601.jpeg,normal
data\raw\casting_data\train\ok_front\cast_ok_0_8603.jpeg,normal
data\raw\casting_data\train\ok_front\cast_ok_0_8610.jpeg,normal
data\raw\casting_data\train\ok_front\cast_ok_0_8612.jpeg,normal
data\raw\casting_data\train\ok_front\cast_ok_0_8618.jpeg,normal
data\raw\casting_data\train\ok_front\cast_ok_0_8621.jpeg,normal
data\raw\casting_data\train\ok_front\cast_ok_0_8637.jpeg,normal
data\raw\casting_data\train\ok_front\cast_ok_0_8639.jpeg,normal
data\raw\casting_data\train\ok_front\cast_ok_0_8645.jpeg,normal
data\raw\casting_data\train\ok_front\cast_ok_0_8646.jpeg,normal
data\raw\casting_data\train\ok_front\cast_ok_0_8649.jpeg,normal
data\raw\casting_data\train\ok_front\cast_ok_0_8650.jpeg,normal
data\raw\casting_data\train\ok_front\cast_ok_0_8660.jpeg,normal
data\raw\casting_data\train\ok_front\cast_ok_0_8661.jpeg,normal
data\raw\casting_data\train\ok_front\cast_ok_0_8670.jpeg,normal
data\raw\casting_data\train\ok_front\cast_ok_0_8673.jpeg,normal
data\raw\casting_data\train\ok_front\cast_ok_0_8674.jpeg,normal
data\raw\casting_data\train\ok_front\cast_ok_0_8677.jpeg,normal
data\raw\casting_data\train\ok_front\cast_ok_0_8682.jpeg,normal
data\raw\casting_data\train\ok_front\cast_ok_0_8687.jpeg,normal
data\raw\casting_data\train\ok_front\cast_ok_0_8693.jpeg,normal
data\raw\casting_data\train\ok_front\cast_ok_0_8695.jpeg,normal
data\raw\casting_data\train\ok_front\cast_ok_0_8714.jpeg,normal
data\raw\casting_data\train\ok_front\cast_ok_0_8715.jpeg,normal
data\raw\casting_data\train\ok_front\cast_ok_0_8722.jpeg,normal
data\raw\casting_data\train\ok_front\cast_ok_0_8723.jpeg,normal
data\raw\casting_data\train\ok_front\cast_ok_0_8724.jpeg,normal
data\raw\casting_data\train\ok_front\cast_ok_0_8725.jpeg,normal
data\raw\casting_data\train\ok_front\cast_ok_0_8726.jpeg,normal
data\raw\casting_data\train\ok_front\cast_ok_0_8733.jpeg,normal
data\raw\casting_data\train\ok_front\cast_ok_0_8735.jpeg,normal
data\raw\casting_data\train\ok_front\cast_ok_0_8740.jpeg,normal
data\raw\casting_data\train\ok_front\cast_ok_0_8743.jpeg,normal
data\raw\casting_data\train\ok_front\cast_ok_0_8744.jpeg,normal
data\raw\casting_data\train\ok_front\cast_ok_0_8747.jpeg,normal
data\raw\casting_data\train\ok_front\cast_ok_0_8751.jpeg,normal
data\raw\casting_data\train\ok_front\cast_ok_0_8757.jpeg,normal
data\raw\casting_data\train\ok_front\cast_ok_0_8759.jpeg,normal
data\raw\casting_data\train\ok_front\cast_ok_0_8761.jpeg,normal
data\raw\casting_data\train\ok_front\cast_ok_0_8782.jpeg,normal
data\raw\casting_data\train\ok_front\cast_ok_0_8788.jpeg,normal
data\raw\casting_data\train\ok_front\cast_ok_0_8791.jpeg,normal
data\raw\casting_data\train\ok_front\cast_ok_0_8796.jpeg,normal
data\raw\casting_data\train\ok_front\cast_ok_0_88.jpeg,normal
data\raw\casting_data\train\ok_front\cast_ok_0_880.jpeg,normal
data\raw\casting_data\train\ok_front\cast_ok_0_8800.jpeg,normal
data\raw\casting_data\train\ok_front\cast_ok_0_8808.jpeg,normal
data\raw\casting_data\train\ok_front\cast_ok_0_8811.jpeg,normal
data\raw\casting_data\train\ok_front\cast_ok_0_8815.jpeg,normal
data\raw\casting_data\train\ok_front\cast_ok_0_8821.jpeg,normal
data\raw\casting_data\train\ok_front\cast_ok_0_8828.jpeg,normal
data\raw\casting_data\train\ok_front\cast_ok_0_8829.jpeg,normal
data\raw\casting_data\train\ok_front\cast_ok_0_8831.jpeg,normal
data\raw\casting_data\train\ok_front\cast_ok_0_8835.jpeg,normal
data\raw\casting_data\train\ok_front\cast_ok_0_8836.jpeg,normal
data\raw\casting_data\train\ok_front\cast_ok_0_8837.jpeg,normal
data\raw\casting_data\train\ok_front\cast_ok_0_8848.jpeg,normal
data\raw\casting_data\train\ok_front\cast_ok_0_8855.jpeg,normal
data\raw\casting_data\train\ok_front\cast_ok_0_8857.jpeg,normal
data\raw\casting_data\train\ok_front\cast_ok_0_8860.jpeg,normal
data\raw\casting_data\train\ok_front\cast_ok_0_8865.jpeg,normal
data\raw\casting_data\train\ok_front\cast_ok_0_8873.jpeg,normal
data\raw\casting_data\train\ok_front\cast_ok_0_8877.jpeg,normal
data\raw\casting_data\train\ok_front\cast_ok_0_8883.jpeg,normal
data\raw\casting_data\train\ok_front\cast_ok_0_8885.jpeg,normal
data\raw\casting_data\train\ok_front\cast_ok_0_8890.jpeg,normal
data\raw\casting_data\train\ok_front\cast_ok_0_8896.jpeg,normal
data\raw\casting_data\train\ok_front\cast_ok_0_8898.jpeg,normal
data\raw\casting_data\train\ok_front\cast_ok_0_8914.jpeg,normal
data\raw\casting_data\train\ok_front\cast_ok_0_8918.jpeg,normal
data\raw\casting_data\train\ok_front\cast_ok_0_8919.jpeg,normal
data\raw\casting_data\train\ok_front\cast_ok_0_8920.jpeg,normal
data\raw\casting_data\train\ok_front\cast_ok_0_8924.jpeg,normal
data\raw\casting_data\train\ok_front\cast_ok_0_8930.jpeg,normal
data\raw\casting_data\train\ok_front\cast_ok_0_8934.jpeg,normal
data\raw\casting_data\train\ok_front\cast_ok_0_8943.jpeg,normal
data\raw\casting_data\train\ok_front\cast_ok_0_8944.jpeg,normal
data\raw\casting_data\train\ok_front\cast_ok_0_8950.jpeg,normal
data\raw\casting_data\train\ok_front\cast_ok_0_8958.jpeg,normal
data\raw\casting_data\train\ok_front\cast_ok_0_8960.jpeg,normal
data\raw\casting_data\train\ok_front\cast_ok_0_8963.jpeg,normal
data\raw\casting_data\train\ok_front\cast_ok_0_8964.jpeg,normal
data\raw\casting_data\train\ok_front\cast_ok_0_8967.jpeg,normal
data\raw\casting_data\train\ok_front\cast_ok_0_897.jpeg,normal
data\raw\casting_data\train\ok_front\cast_ok_0_8972.jpeg,normal
data\raw\casting_data\train\ok_front\cast_ok_0_8982.jpeg,normal
data\raw\casting_data\train\ok_front\cast_ok_0_8995.jpeg,normal
data\raw\casting_data\train\ok_front\cast_ok_0_9001.jpeg,normal
data\raw\casting_data\train\ok_front\cast_ok_0_9013.jpeg,normal
data\raw\casting_data\train\ok_front\cast_ok_0_9015.jpeg,normal
data\raw\casting_data\train\ok_front\cast_ok_0_9018.jpeg,normal
data\raw\casting_data\train\ok_front\cast_ok_0_9019.jpeg,normal
data\raw\casting_data\train\ok_front\cast_ok_0_9028.jpeg,normal
data\raw\casting_data\train\ok_front\cast_ok_0_903.jpeg,normal
data\raw\casting_data\train\ok_front\cast_ok_0_9035.jpeg,normal
data\raw\casting_data\train\ok_front\cast_ok_0_9040.jpeg,normal
data\raw\casting_data\train\ok_front\cast_ok_0_9041.jpeg,normal
data\raw\casting_data\train\ok_front\cast_ok_0_9042.jpeg,normal
data\raw\casting_data\train\ok_front\cast_ok_0_9044.jpeg,normal
data\raw\casting_data\train\ok_front\cast_ok_0_9049.jpeg,normal
data\raw\casting_data\train\ok_front\cast_ok_0_9050.jpeg,normal
data\raw\casting_data\train\ok_front\cast_ok_0_9051.jpeg,normal
data\raw\casting_data\train\ok_front\cast_ok_0_9053.jpeg,normal
data\raw\casting_data\train\ok_front\cast_ok_0_9054.jpeg,normal
data\raw\casting_data\train\ok_front\cast_ok_0_9055.jpeg,normal
data\raw\casting_data\train\ok_front\cast_ok_0_9056.jpeg,normal
data\raw\casting_data\train\ok_front\cast_ok_0_9064.jpeg,normal
data\raw\casting_data\train\ok_front\cast_ok_0_907.jpeg,normal
data\raw\casting_data\train\ok_front\cast_ok_0_9070.jpeg,normal
data\raw\casting_data\train\ok_front\cast_ok_0_9081.jpeg,normal
data\raw\casting_data\train\ok_front\cast_ok_0_9085.jpeg,normal
data\raw\casting_data\train\ok_front\cast_ok_0_9086.jpeg,normal
data\raw\casting_data\train\ok_front\cast_ok_0_9088.jpeg,normal
data\raw\casting_data\train\ok_front\cast_ok_0_9089.jpeg,normal
data\raw\casting_data\train\ok_front\cast_ok_0_9098.jpeg,normal
data\raw\casting_data\train\ok_front\cast_ok_0_91.jpeg,normal
data\raw\casting_data\train\ok_front\cast_ok_0_9110.jpeg,normal
data\raw\casting_data\train\ok_front\cast_ok_0_9112.jpeg,normal
data\raw\casting_data\train\ok_front\cast_ok_0_9118.jpeg,normal
data\raw\casting_data\train\ok_front\cast_ok_0_9123.jpeg,normal
data\raw\casting_data\train\ok_front\cast_ok_0_913.jpeg,normal
data\raw\casting_data\train\ok_front\cast_ok_0_9133.jpeg,normal
data\raw\casting_data\train\ok_front\cast_ok_0_9144.jpeg,normal
data\raw\casting_data\train\ok_front\cast_ok_0_9146.jpeg,normal
data\raw\casting_data\train\ok_front\cast_ok_0_9149.jpeg,normal
data\raw\casting_data\train\ok_front\cast_ok_0_9155.jpeg,normal
data\raw\casting_data\train\ok_front\cast_ok_0_9169.jpeg,normal
data\raw\casting_data\train\ok_front\cast_ok_0_9172.jpeg,normal
data\raw\casting_data\train\ok_front\cast_ok_0_9174.jpeg,normal
data\raw\casting_data\train\ok_front\cast_ok_0_9175.jpeg,normal
data\raw\casting_data\train\ok_front\cast_ok_0_918.jpeg,normal
data\raw\casting_data\train\ok_front\cast_ok_0_9180.jpeg,normal
data\raw\casting_data\train\ok_front\cast_ok_0_9183.jpeg,normal
data\raw\casting_data\train\ok_front\cast_ok_0_9190.jpeg,normal
data\raw\casting_data\train\ok_front\cast_ok_0_9195.jpeg,normal
data\raw\casting_data\train\ok_front\cast_ok_0_9204.jpeg,normal
data\raw\casting_data\train\ok_front\cast_ok_0_9205.jpeg,normal
data\raw\casting_data\train\ok_front\cast_ok_0_9211.jpeg,normal
data\raw\casting_data\train\ok_front\cast_ok_0_9217.jpeg,normal
data\raw\casting_data\train\ok_front\cast_ok_0_9219.jpeg,normal
data\raw\casting_data\train\ok_front\cast_ok_0_9221.jpeg,normal
data\raw\casting_data\train\ok_front\cast_ok_0_9225.jpeg,normal
data\raw\casting_data\train\ok_front\cast_ok_0_9226.jpeg,normal
data\raw\casting_data\train\ok_front\cast_ok_0_9228.jpeg,normal
data\raw\casting_data\train\ok_front\cast_ok_0_9229.jpeg,normal
data\raw\casting_data\train\ok_front\cast_ok_0_9243.jpeg,normal
data\raw\casting_data\train\ok_front\cast_ok_0_925.jpeg,normal
data\raw\casting_data\train\ok_front\cast_ok_0_9250.jpeg,normal
data\raw\casting_data\train\ok_front\cast_ok_0_9253.jpeg,normal
data\raw\casting_data\train\ok_front\cast_ok_0_9256.jpeg,normal
data\raw\casting_data\train\ok_front\cast_ok_0_9268.jpeg,normal
data\raw\casting_data\train\ok_front\cast_ok_0_927.jpeg,normal
data\raw\casting_data\train\ok_front\cast_ok_0_9272.jpeg,normal
data\raw\casting_data\train\ok_front\cast_ok_0_9283.jpeg,normal
data\raw\casting_data\train\ok_front\cast_ok_0_9298.jpeg,normal
data\raw\casting_data\train\ok_front\cast_ok_0_9302.jpeg,normal
data\raw\casting_data\train\ok_front\cast_ok_0_9303.jpeg,normal
data\raw\casting_data\train\ok_front\cast_ok_0_9304.jpeg,normal
data\raw\casting_data\train\ok_front\cast_ok_0_9315.jpeg,normal
data\raw\casting_data\train\ok_front\cast_ok_0_932.jpeg,normal
data\raw\casting_data\train\ok_front\cast_ok_0_9320.jpeg,normal
data\raw\casting_data\train\ok_front\cast_ok_0_9322.jpeg,normal
data\raw\casting_data\train\ok_front\cast_ok_0_9323.jpeg,normal
data\raw\casting_data\train\ok_front\cast_ok_0_9324.jpeg,normal
data\raw\casting_data\train\ok_front\cast_ok_0_9325.jpeg,normal
data\raw\casting_data\train\ok_front\cast_ok_0_9326.jpeg,normal
data\raw\casting_data\train\ok_front\cast_ok_0_9328.jpeg,normal
data\raw\casting_data\train\ok_front\cast_ok_0_9332.jpeg,normal
data\raw\casting_data\train\ok_front\cast_ok_0_9335.jpeg,normal
data\raw\casting_data\train\ok_front\cast_ok_0_9338.jpeg,normal
data\raw\casting_data\train\ok_front\cast_ok_0_9340.jpeg,normal
data\raw\casting_data\train\ok_front\cast_ok_0_9343.jpeg,normal
data\raw\casting_data\train\ok_front\cast_ok_0_935.jpeg,normal
data\raw\casting_data\train\ok_front\cast_ok_0_9350.jpeg,normal
data\raw\casting_data\train\ok_front\cast_ok_0_9363.jpeg,normal
data\raw\casting_data\train\ok_front\cast_ok_0_937.jpeg,normal
data\raw\casting_data\train\ok_front\cast_ok_0_9377.jpeg,normal
data\raw\casting_data\train\ok_front\cast_ok_0_9384.jpeg,normal
data\raw\casting_data\train\ok_front\cast_ok_0_9386.jpeg,normal
data\raw\casting_data\train\ok_front\cast_ok_0_9387.jpeg,normal
data\raw\casting_data\train\ok_front\cast_ok_0_9392.jpeg,normal
data\raw\casting_data\train\ok_front\cast_ok_0_9403.jpeg,normal
data\raw\casting_data\train\ok_front\cast_ok_0_9411.jpeg,normal
data\raw\casting_data\train\ok_front\cast_ok_0_9419.jpeg,normal
data\raw\casting_data\train\ok_front\cast_ok_0_942.jpeg,normal
data\raw\casting_data\train\ok_front\cast_ok_0_9422.jpeg,normal
data\raw\casting_data\train\ok_front\cast_ok_0_9428.jpeg,normal
data\raw\casting_data\train\ok_front\cast_ok_0_9431.jpeg,normal
data\raw\casting_data\train\ok_front\cast_ok_0_9434.jpeg,normal
data\raw\casting_data\train\ok_front\cast_ok_0_9436.jpeg,normal
data\raw\casting_data\train\ok_front\cast_ok_0_9438.jpeg,normal
data\raw\casting_data\train\ok_front\cast_ok_0_9440.jpeg,normal
data\raw\casting_data\train\ok_front\cast_ok_0_9443.jpeg,normal
data\raw\casting_data\train\ok_front\cast_ok_0_9446.jpeg,normal
data\raw\casting_data\train\ok_front\cast_ok_0_9447.jpeg,normal
data\raw\casting_data\train\ok_front\cast_ok_0_9452.jpeg,normal
data\raw\casting_data\train\ok_front\cast_ok_0_9457.jpeg,normal
data\raw\casting_data\train\ok_front\cast_ok_0_9466.jpeg,normal
data\raw\casting_data\train\ok_front\cast_ok_0_9469.jpeg,normal
data\raw\casting_data\train\ok_front\cast_ok_0_9470.jpeg,normal
data\raw\casting_data\train\ok_front\cast_ok_0_9472.jpeg,normal
data\raw\casting_data\train\ok_front\cast_ok_0_9483.jpeg,normal
data\raw\casting_data\train\ok_front\cast_ok_0_9484.jpeg,normal
data\raw\casting_data\train\ok_front\cast_ok_0_9486.jpeg,normal
data\raw\casting_data\train\ok_front\cast_ok_0_9488.jpeg,normal
data\raw\casting_data\train\ok_front\cast_ok_0_9490.jpeg,normal
data\raw\casting_data\train\ok_front\cast_ok_0_9491.jpeg,normal
data\raw\casting_data\train\ok_front\cast_ok_0_9496.jpeg,normal
data\raw\casting_data\train\ok_front\cast_ok_0_9499.jpeg,normal
data\raw\casting_data\train\ok_front\cast_ok_0_9502.jpeg,normal
data\raw\casting_data\train\ok_front\cast_ok_0_9503.jpeg,normal
data\raw\casting_data\train\ok_front\cast_ok_0_9504.jpeg,normal
data\raw\casting_data\train\ok_front\cast_ok_0_952.jpeg,normal
data\raw\casting_data\train\ok_front\cast_ok_0_9520.jpeg,normal
data\raw\casting_data\train\ok_front\cast_ok_0_9521.jpeg,normal
data\raw\casting_data\train\ok_front\cast_ok_0_9527.jpeg,normal
data\raw\casting_data\train\ok_front\cast_ok_0_9530.jpeg,normal
data\raw\casting_data\train\ok_front\cast_ok_0_9531.jpeg,normal
data\raw\casting_data\train\ok_front\cast_ok_0_9532.jpeg,normal
data\raw\casting_data\train\ok_front\cast_ok_0_9534.jpeg,normal
data\raw\casting_data\train\ok_front\cast_ok_0_9536.jpeg,normal
data\raw\casting_data\train\ok_front\cast_ok_0_9537.jpeg,normal
data\raw\casting_data\train\ok_front\cast_ok_0_9543.jpeg,normal
data\raw\casting_data\train\ok_front\cast_ok_0_9558.jpeg,normal
data\raw\casting_data\train\ok_front\cast_ok_0_9562.jpeg,normal
data\raw\casting_data\train\ok_front\cast_ok_0_9565.jpeg,normal
data\raw\casting_data\train\ok_front\cast_ok_0_9568.jpeg,normal
data\raw\casting_data\train\ok_front\cast_ok_0_9575.jpeg,normal
data\raw\casting_data\train\ok_front\cast_ok_0_9594.jpeg,normal
data\raw\casting_data\train\ok_front\cast_ok_0_9597.jpeg,normal
data\raw\casting_data\train\ok_front\cast_ok_0_9598.jpeg,normal
data\raw\casting_data\train\ok_front\cast_ok_0_9600.jpeg,normal
data\raw\casting_data\train\ok_front\cast_ok_0_9610.jpeg,normal
data\raw\casting_data\train\ok_front\cast_ok_0_9619.jpeg,normal
data\raw\casting_data\train\ok_front\cast_ok_0_9624.jpeg,normal
data\raw\casting_data\train\ok_front\cast_ok_0_9625.jpeg,normal
data\raw\casting_data\train\ok_front\cast_ok_0_9626.jpeg,normal
data\raw\casting_data\train\ok_front\cast_ok_0_9631.jpeg,normal
data\raw\casting_data\train\ok_front\cast_ok_0_9632.jpeg,normal
data\raw\casting_data\train\ok_front\cast_ok_0_9636.jpeg,normal
data\raw\casting_data\train\ok_front\cast_ok_0_9639.jpeg,normal
data\raw\casting_data\train\ok_front\cast_ok_0_9654.jpeg,normal
data\raw\casting_data\train\ok_front\cast_ok_0_9655.jpeg,normal
data\raw\casting_data\train\ok_front\cast_ok_0_9657.jpeg,normal
data\raw\casting_data\train\ok_front\cast_ok_0_9662.jpeg,normal
data\raw\casting_data\train\ok_front\cast_ok_0_9663.jpeg,normal
data\raw\casting_data\train\ok_front\cast_ok_0_9670.jpeg,normal
data\raw\casting_data\train\ok_front\cast_ok_0_9671.jpeg,normal
data\raw\casting_data\train\ok_front\cast_ok_0_9672.jpeg,normal
data\raw\casting_data\train\ok_front\cast_ok_0_9679.jpeg,normal
data\raw\casting_data\train\ok_front\cast_ok_0_9680.jpeg,normal
data\raw\casting_data\train\ok_front\cast_ok_0_9683.jpeg,normal
data\raw\casting_data\train\ok_front\cast_ok_0_9684.jpeg,normal
data\raw\casting_data\train\ok_front\cast_ok_0_969.jpeg,normal
data\raw\casting_data\train\ok_front\cast_ok_0_9692.jpeg,normal
data\raw\casting_data\train\ok_front\cast_ok_0_9695.jpeg,normal
data\raw\casting_data\train\ok_front\cast_ok_0_97.jpeg,normal
data\raw\casting_data\train\ok_front\cast_ok_0_970.jpeg,normal
data\raw\casting_data\train\ok_front\cast_ok_0_9700.jpeg,normal
data\raw\casting_data\train\ok_front\cast_ok_0_9705.jpeg,normal
data\raw\casting_data\train\ok_front\cast_ok_0_9714.jpeg,normal
data\raw\casting_data\train\ok_front\cast_ok_0_9718.jpeg,normal
data\raw\casting_data\train\ok_front\cast_ok_0_9724.jpeg,normal
data\raw\casting_data\train\ok_front\cast_ok_0_9725.jpeg,normal
data\raw\casting_data\train\ok_front\cast_ok_0_973.jpeg,normal
data\raw\casting_data\train\ok_front\cast_ok_0_9734.jpeg,normal
data\raw\casting_data\train\ok_front\cast_ok_0_9739.jpeg,normal
data\raw\casting_data\train\ok_front\cast_ok_0_9740.jpeg,normal
data\raw\casting_data\train\ok_front\cast_ok_0_975.jpeg,normal
data\raw\casting_data\train\ok_front\cast_ok_0_9751.jpeg,normal
data\raw\casting_data\train\ok_front\cast_ok_0_9760.jpeg,normal
data\raw\casting_data\train\ok_front\cast_ok_0_9761.jpeg,normal
data\raw\casting_data\train\ok_front\cast_ok_0_9764.jpeg,normal
data\raw\casting_data\train\ok_front\cast_ok_0_9767.jpeg,normal
data\raw\casting_data\train\ok_front\cast_ok_0_9771.jpeg,normal
data\raw\casting_data\train\ok_front\cast_ok_0_9772.jpeg,normal
data\raw\casting_data\train\ok_front\cast_ok_0_9774.jpeg,normal
data\raw\casting_data\train\ok_front\cast_ok_0_9783.jpeg,normal
data\raw\casting_data\train\ok_front\cast_ok_0_9797.jpeg,normal
data\raw\casting_data\train\ok_front\cast_ok_0_98.jpeg,normal
data\raw\casting_data\train\ok_front\cast_ok_0_9805.jpeg,normal
data\raw\casting_data\train\ok_front\cast_ok_0_9808.jpeg,normal
data\raw\casting_data\train\ok_front\cast_ok_0_9820.jpeg,normal
data\raw\casting_data\train\ok_front\cast_ok_0_9821.jpeg,normal
data\raw\casting_data\train\ok_front\cast_ok_0_9826.jpeg,normal
data\raw\casting_data\train\ok_front\cast_ok_0_9829.jpeg,normal
data\raw\casting_data\train\ok_front\cast_ok_0_9835.jpeg,normal
data\raw\casting_data\train\ok_front\cast_ok_0_9836.jpeg,normal
data\raw\casting_data\train\ok_front\cast_ok_0_9843.jpeg,normal
data\raw\casting_data\train\ok_front\cast_ok_0_9854.jpeg,normal
data\raw\casting_data\train\ok_front\cast_ok_0_9856.jpeg,normal
data\raw\casting_data\train\ok_front\cast_ok_0_9861.jpeg,normal
data\raw\casting_data\train\ok_front\cast_ok_0_9862.jpeg,normal
data\raw\casting_data\train\ok_front\cast_ok_0_9878.jpeg,normal
data\raw\casting_data\train\ok_front\cast_ok_0_9881.jpeg,normal
data\raw\casting_data\train\ok_front\cast_ok_0_9886.jpeg,normal
data\raw\casting_data\train\ok_front\cast_ok_0_9891.jpeg,normal
data\raw\casting_data\train\ok_front\cast_ok_0_9895.jpeg,normal
data\raw\casting_data\train\ok_front\cast_ok_0_9907.jpeg,normal
data\raw\casting_data\train\ok_front\cast_ok_0_9909.jpeg,normal
data\raw\casting_data\train\ok_front\cast_ok_0_9913.jpeg,normal
data\raw\casting_data\train\ok_front\cast_ok_0_9915.jpeg,normal
data\raw\casting_data\train\ok_front\cast_ok_0_9918.jpeg,normal
data\raw\casting_data\train\ok_front\cast_ok_0_9920.jpeg,normal
data\raw\casting_data\train\ok_front\cast_ok_0_9921.jpeg,normal
data\raw\casting_data\train\ok_front\cast_ok_0_9930.jpeg,normal
data\raw\casting_data\train\ok_front\cast_ok_0_9931.jpeg,normal
data\raw\casting_data\train\ok_front\cast_ok_0_9934.jpeg,normal
data\raw\casting_data\train\ok_front\cast_ok_0_9941.jpeg,normal
data\raw\casting_data\train\ok_front\cast_ok_0_9945.jpeg,normal
data\raw\casting_data\train\ok_front\cast_ok_0_9946.jpeg,normal
data\raw\casting_data\train\ok_front\cast_ok_0_9953.jpeg,normal
data\raw\casting_data\train\ok_front\cast_ok_0_9957.jpeg,normal
data\raw\casting_data\train\ok_front\cast_ok_0_9962.jpeg,normal
data\raw\casting_data\train\ok_front\cast_ok_0_9967.jpeg,normal
data\raw\casting_data\train\ok_front\cast_ok_0_9971.jpeg,normal
data\raw\casting_data\train\ok_front\cast_ok_0_9973.jpeg,normal
data\raw\casting_data\train\ok_front\cast_ok_0_9978.jpeg,normal
data\raw\casting_data\train\ok_front\cast_ok_0_9995.jpeg,normal
data\raw\casting_data\train\ok_front\cast_ok_0_9998.jpeg,normal
data\raw\casting_data\test\def_front\cast_def_0_1539.jpeg,defect
data\raw\casting_data\train\def_front\cast_def_0_2140.jpeg,defect
data\raw\casting_data\train\def_front\cast_def_0_1021.jpeg,defect
data\raw\casting_data\train\def_front\cast_def_0_6825.jpeg,defect
data\raw\casting_data\train\def_front\cast_def_0_5630.jpeg,defect
data\raw\casting_data\train\def_front\cast_def_0_2301.jpeg,defect
data\raw\casting_data\train\def_front\cast_def_0_6996.jpeg,defect
data\raw\casting_data\train\def_front\cast_def_0_7421.jpeg,defect
data\raw\casting_data\train\def_front\cast_def_0_2407.jpeg,defect
data\raw\casting_data\train\def_front\cast_def_0_3046.jpeg,defect
data\raw\casting_data\train\def_front\cast_def_0_941.jpeg,defect
data\raw\casting_data\train\def_front\cast_def_0_1866.jpeg,defect
data\raw\casting_data\train\def_front\cast_def_0_1127.jpeg,defect
data\raw\casting_data\train\def_front\cast_def_0_5055.jpeg,defect
data\raw\casting_data\train\def_front\cast_def_0_4338.jpeg,defect
data\raw\casting_data\train\def_front\cast_def_0_8139.jpeg,defect
data\raw\casting_data\train\def_front\cast_def_0_6284.jpeg,defect
data\raw\casting_data\train\def_front\cast_def_0_8246.jpeg,defect
data\raw\casting_data\train\def_front\cast_def_0_3182.jpeg,defect
data\raw\casting_data\train\def_front\cast_def_0_5711.jpeg,defect
data\raw\casting_data\train\def_front\cast_def_0_7069.jpeg,defect
data\raw\casting_data\train\def_front\cast_def_0_3571.jpeg,defect
data\raw\casting_data\train\def_front\cast_def_0_801.jpeg,defect
data\raw\casting_data\test\def_front\cast_def_0_434.jpeg,defect
data\raw\casting_data\train\def_front\cast_def_0_4761.jpeg,defect
data\raw\casting_data\test\def_front\cast_def_0_157.jpeg,defect
data\raw\casting_data\train\def_front\cast_def_0_1965.jpeg,defect
data\raw\casting_data\train\def_front\cast_def_0_2371.jpeg,defect
data\raw\casting_data\train\def_front\cast_def_0_3003.jpeg,defect
data\raw\casting_data\train\def_front\cast_def_0_203.jpeg,defect
data\raw\casting_data\train\def_front\cast_def_0_974.jpeg,defect
data\raw\casting_data\train\def_front\cast_def_0_8605.jpeg,defect
data\raw\casting_data\train\def_front\cast_def_0_3350.jpeg,defect
data\raw\casting_data\train\def_front\cast_def_0_6832.jpeg,defect
data\raw\casting_data\train\def_front\cast_def_0_6201.jpeg,defect
data\raw\casting_data\train\def_front\cast_def_0_133.jpeg,defect
data\raw\casting_data\train\def_front\cast_def_0_9356.jpeg,defect
data\raw\casting_data\train\def_front\cast_def_0_8915.jpeg,defect
data\raw\casting_data\train\def_front\cast_def_0_4457.jpeg,defect
data\raw\casting_data\train\def_front\cast_def_0_2535.jpeg,defect
data\raw\casting_data\test\def_front\cast_def_0_2135.jpeg,defect
data\raw\casting_data\train\def_front\cast_def_0_5961.jpeg,defect
data\raw\casting_data\train\def_front\cast_def_0_9816.jpeg,defect
data\raw\casting_data\train\def_front\cast_def_0_8682.jpeg,defect
data\raw\casting_data\train\def_front\cast_def_0_2609.jpeg,defect
data\raw\casting_data\train\def_front\cast_def_0_5728.jpeg,defect
data\raw\casting_data\train\def_front\cast_def_0_7826.jpeg,defect
data\raw\casting_data\train\def_front\cast_def_0_822.jpeg,defect
data\raw\casting_data\test\def_front\cast_def_0_186.jpeg,defect
data\raw\casting_data\train\def_front\cast_def_0_9165.jpeg,defect
data\raw\casting_data\train\def_front\cast_def_0_4597.jpeg,defect
data\raw\casting_data\train\def_front\cast_def_0_1906.jpeg,defect
data\raw\casting_data\train\def_front\cast_def_0_9270.jpeg,defect
data\raw\casting_data\train\def_front\cast_def_0_6234.jpeg,defect
data\raw\casting_data\train\def_front\cast_def_0_6929.jpeg,defect
data\raw\casting_data\test\def_front\cast_def_0_586.jpeg,defect
data\raw\casting_data\train\def_front\cast_def_0_5552.jpeg,defect
data\raw\casting_data\train\def_front\cast_def_0_8557.jpeg,defect
data\raw\casting_data\train\def_front\cast_def_0_1696.jpeg,defect
data\raw\casting_data\train\def_front\cast_def_0_5049.jpeg,defect
data\raw\casting_data\train\def_front\cast_def_0_8259.jpeg,defect
data\raw\casting_data\train\def_front\cast_def_0_3805.jpeg,defect
data\raw\casting_data\train\def_front\cast_def_0_2129.jpeg,defect
data\raw\casting_data\train\def_front\cast_def_0_2072.jpeg,defect
data\raw\casting_data\train\def_front\cast_def_0_1931.jpeg,defect
data\raw\casting_data\train\def_front\cast_def_0_3107.jpeg,defect
data\raw\casting_data\train\def_front\cast_def_0_6215.jpeg,defect
data\raw\casting_data\train\def_front\cast_def_0_6885.jpeg,defect
data\raw\casting_data\train\def_front\cast_def_0_5364.jpeg,defect
data\raw\casting_data\train\def_front\cast_def_0_9119.jpeg,defect
data\raw\casting_data\train\def_front\cast_def_0_215.jpeg,defect
data\raw\casting_data\test\def_front\cast_def_0_246.jpeg,defect
data\raw\casting_data\train\def_front\cast_def_0_5557.jpeg,defect
data\raw\casting_data\test\def_front\cast_def_0_228.jpeg,defect
data\raw\casting_data\train\def_front\cast_def_0_2763.jpeg,defect
data\raw\casting_data\test\def_front\cast_def_0_2100.jpeg,defect
data\raw\casting_data\train\def_front\cast_def_0_5430.jpeg,defect
data\raw\casting_data\train\def_front\cast_def_0_4518.jpeg,defect
data\raw\casting_data\test\def_front\new__0_6223.jpeg,defect
data\raw\casting_data\train\def_front\cast_def_0_7407.jpeg,defect
data\raw\casting_data\train\def_front\cast_def_0_1210.jpeg,defect
data\raw\casting_data\train\def_front\cast_def_0_3649.jpeg,defect
data\raw\casting_data\test\def_front\cast_def_0_1635.jpeg,defect
data\raw\casting_data\train\def_front\cast_def_0_6890.jpeg,defect
data\raw\casting_data\train\def_front\cast_def_0_8922.jpeg,defect
data\raw\casting_data\train\def_front\cast_def_0_6155.jpeg,defect
data\raw\casting_data\train\def_front\cast_def_0_4619.jpeg,defect
data\raw\casting_data\train\def_front\cast_def_0_53.jpeg,defect
data\raw\casting_data\train\def_front\cast_def_0_6502.jpeg,defect
data\raw\casting_data\test\def_front\cast_def_0_459.jpeg,defect
data\raw\casting_data\test\def_front\cast_def_0_2241.jpeg,defect
data\raw\casting_data\train\def_front\cast_def_0_8543.jpeg,defect
data\raw\casting_data\train\def_front\cast_def_0_5328.jpeg,defect
data\raw\casting_data\train\def_front\cast_def_0_2138.jpeg,defect
data\raw\casting_data\train\def_front\cast_def_0_4121.jpeg,defect
data\raw\casting_data\test\def_front\cast_def_0_193.jpeg,defect
data\raw\casting_data\train\def_front\cast_def_0_4963.jpeg,defect
data\raw\casting_data\train\def_front\cast_def_0_3598.jpeg,defect
data\raw\casting_data\train\def_front\cast_def_0_1046.jpeg,defect
data\raw\casting_data\train\def_front\cast_def_0_4835.jpeg,defect
data\raw\casting_data\test\def_front\cast_def_0_148.jpeg,defect
data\raw\casting_data\train\def_front\cast_def_0_7355.jpeg,defect
data\raw\casting_data\train\def_front\cast_def_0_6343.jpeg,defect
data\raw\casting_data\test\def_front\cast_def_0_1324.jpeg,defect
data\raw\casting_data\test\def_front\cast_def_0_1153.jpeg,defect
data\raw\casting_data\train\def_front\cast_def_0_7863.jpeg,defect
data\raw\casting_data\train\def_front\cast_def_0_6867.jpeg,defect
data\raw\casting_data\train\def_front\cast_def_0_4459.jpeg,defect
data\raw\casting_data\train\def_front\cast_def_0_8975.jpeg,defect
data\raw\casting_data\train\def_front\cast_def_0_9794.jpeg,defect
data\raw\casting_data\train\def_front\cast_def_0_2457.jpeg,defect
data\raw\casting_data\train\def_front\cast_def_0_6029.jpeg,defect
data\raw\casting_data\train\def_front\cast_def_0_6626.jpeg,defect
data\raw\casting_data\train\def_front\cast_def_0_6717.jpeg,defect
data\raw\casting_data\train\def_front\cast_def_0_6287.jpeg,defect
data\raw\casting_data\train\def_front\cast_def_0_2389.jpeg,defect
data\raw\casting_data\train\def_front\cast_def_0_5554.jpeg,defect
data\raw\casting_data\train\def_front\cast_def_0_5914.jpeg,defect
data\raw\casting_data\train\def_front\cast_def_0_5820.jpeg,defect
data\raw\casting_data\train\def_front\cast_def_0_9000.jpeg,defect
data\raw\casting_data\train\def_front\cast_def_0_9311.jpeg,defect
data\raw\casting_data\train\def_front\cast_def_0_9195.jpeg,defect
data\raw\casting_data\train\def_front\cast_def_0_5431.jpeg,defect
data\raw\casting_data\test\def_front\cast_def_0_3108.jpeg,defect
data\raw\casting_data\train\def_front\cast_def_0_399.jpeg,defect
data\raw\casting_data\train\def_front\cast_def_0_310.jpeg,defect
data\raw\casting_data\train\def_front\cast_def_0_3648.jpeg,defect
data\raw\casting_data\train\def_front\cast_def_0_8376.jpeg,defect
data\raw\casting_data\train\def_front\cast_def_0_4181.jpeg,defect
data\raw\casting_data\train\def_front\cast_def_0_8560.jpeg,defect
data\raw\casting_data\train\def_front\cast_def_0_3166.jpeg,defect
data\raw\casting_data\train\def_front\cast_def_0_7141.jpeg,defect
data\raw\casting_data\train\def_front\cast_def_0_7241.jpeg,defect
data\raw\casting_data\train\def_front\cast_def_0_2715.jpeg,defect
data\raw\casting_data\train\def_front\cast_def_0_1847.jpeg,defect
data\raw\casting_data\train\def_front\cast_def_0_8762.jpeg,defect
data\raw\casting_data\train\def_front\cast_def_0_5896.jpeg,defect
data\raw\casting_data\train\def_front\cast_def_0_1961.jpeg,defect
data\raw\casting_data\train\def_front\cast_def_0_1307.jpeg,defect
data\raw\casting_data\train\def_front\cast_def_0_3389.jpeg,defect
data\raw\casting_data\train\def_front\cast_def_0_3747.jpeg,defect
data\raw\casting_data\train\def_front\cast_def_0_110.jpeg,defect
data\raw\casting_data\train\def_front\cast_def_0_8377.jpeg,defect
data\raw\casting_data\train\def_front\cast_def_0_323.jpeg,defect
data\raw\casting_data\train\def_front\cast_def_0_6610.jpeg,defect
data\raw\casting_data\train\def_front\cast_def_0_5162.jpeg,defect
data\raw\casting_data\train\def_front\cast_def_0_754.jpeg,defect
data\raw\casting_data\train\def_front\cast_def_0_355.jpeg,defect
data\raw\casting_data\train\def_front\cast_def_0_3934.jpeg,defect
data\raw\casting_data\train\def_front\cast_def_0_4538.jpeg,defect
data\raw\casting_data\train\def_front\cast_def_0_4499.jpeg,defect
data\raw\casting_data\train\def_front\cast_def_0_6835.jpeg,defect
data\raw\casting_data\train\def_front\cast_def_0_7762.jpeg,defect
data\raw\casting_data\train\def_front\cast_def_0_6552.jpeg,defect
data\raw\casting_data\train\def_front\cast_def_0_1092.jpeg,defect
data\raw\casting_data\train\def_front\cast_def_0_357.jpeg,defect
data\raw\casting_data\train\def_front\cast_def_0_3777.jpeg,defect
data\raw\casting_data\train\def_front\cast_def_0_377.jpeg,defect
data\raw\casting_data\train\def_front\cast_def_0_6286.jpeg,defect
data\raw\casting_data\train\def_front\cast_def_0_7578.jpeg,defect
data\raw\casting_data\train\def_front\cast_def_0_1786.jpeg,defect
data\raw\casting_data\train\def_front\cast_def_0_2090.jpeg,defect
data\raw\casting_data\train\def_front\cast_def_0_3137.jpeg,defect
data\raw\casting_data\train\def_front\cast_def_0_6285.jpeg,defect
data\raw\casting_data\train\def_front\cast_def_0_4509.jpeg,defect
data\raw\casting_data\train\def_front\cast_def_0_5688.jpeg,defect
data\raw\casting_data\train\def_front\cast_def_0_4323.jpeg,defect
data\raw\casting_data\train\def_front\cast_def_0_4496.jpeg,defect
data\raw\casting_data\test\def_front\cast_def_0_2177.jpeg,defect
data\raw\casting_data\test\def_front\cast_def_0_647.jpeg,defect
data\raw\casting_data\train\def_front\cast_def_0_6210.jpeg,defect
data\raw\casting_data\train\def_front\cast_def_0_2785.jpeg,defect
data\raw\casting_data\train\def_front\cast_def_0_6687.jpeg,defect
data\raw\casting_data\test\def_front\cast_def_0_490.jpeg,defect
data\raw\casting_data\train\def_front\cast_def_0_1762.jpeg,defect
data\raw\casting_data\train\def_front\cast_def_0_3328.jpeg,defect
data\raw\casting_data\train\def_front\cast_def_0_1097.jpeg,defect
data\raw\casting_data\train\def_front\cast_def_0_4511.jpeg,defect
data\raw\casting_data\train\def_front\cast_def_0_8428.jpeg,defect
data\raw\casting_data\train\def_front\cast_def_0_9903.jpeg,defect
data\raw\casting_data\train\def_front\cast_def_0_6124.jpeg,defect
data\raw\casting_data\train\def_front\cast_def_0_4112.jpeg,defect
data\raw\casting_data\train\def_front\cast_def_0_2390.jpeg,defect
data\raw\casting_data\train\def_front\cast_def_0_4230.jpeg,defect
data\raw\casting_data\train\def_front\cast_def_0_7543.jpeg,defect
data\raw\casting_data\train\def_front\cast_def_0_9239.jpeg,defect
data\raw\casting_data\train\def_front\cast_def_0_2006.jpeg,defect
data\raw\casting_data\test\def_front\cast_def_0_1414.jpeg,defect
data\raw\casting_data\train\def_front\cast_def_0_4435.jpeg,defect
data\raw\casting_data\train\def_front\cast_def_0_1706.jpeg,defect
data\raw\casting_data\train\def_front\cast_def_0_3793.jpeg,defect
data\raw\casting_data\train\def_front\cast_def_0_1778.jpeg,defect
data\raw\casting_data\train\def_front\cast_def_0_6404.jpeg,defect
data\raw\casting_data\train\def_front\cast_def_0_1408.jpeg,defect
data\raw\casting_data\train\def_front\cast_def_0_9800.jpeg,defect
data\raw\casting_data\train\def_front\cast_def_0_6291.jpeg,defect
data\raw\casting_data\train\def_front\cast_def_0_6312.jpeg,defect
data\raw\casting_data\train\def_front\cast_def_0_542.jpeg,defect
data\raw\casting_data\train\def_front\cast_def_0_7314.jpeg,defect
data\raw\casting_data\train\def_front\cast_def_0_5940.jpeg,defect
data\raw\casting_data\train\def_front\cast_def_0_9463.jpeg,defect
data\raw\casting_data\train\def_front\cast_def_0_5689.jpeg,defect
data\raw\casting_data\train\def_front\cast_def_0_4908.jpeg,defect
data\raw\casting_data\train\def_front\cast_def_0_1087.jpeg,defect
data\raw\casting_data\train\def_front\cast_def_0_7268.jpeg,defect
data\raw\casting_data\train\def_front\cast_def_0_9423.jpeg,defect
data\raw\casting_data\train\def_front\cast_def_0_9835.jpeg,defect
data\raw\casting_data\train\def_front\cast_def_0_5166.jpeg,defect
data\raw\casting_data\test\def_front\cast_def_0_515.jpeg,defect
data\raw\casting_data\train\def_front\cast_def_0_7635.jpeg,defect
data\raw\casting_data\train\def_front\cast_def_0_8698.jpeg,defect
data\raw\casting_data\train\def_front\cast_def_0_7260.jpeg,defect
data\raw\casting_data\train\def_front\cast_def_0_3188.jpeg,defect
data\raw\casting_data\train\def_front\cast_def_0_6292.jpeg,defect
data\raw\casting_data\train\def_front\cast_def_0_2983.jpeg,defect
data\raw\casting_data\train\def_front\cast_def_0_6629.jpeg,defect
data\raw\casting_data\test\def_front\cast_def_0_1614.jpeg,defect
data\raw\casting_data\train\def_front\cast_def_0_5614.jpeg,defect
data\raw\casting_data\train\def_front\cast_def_0_8220.jpeg,defect
data\raw\casting_data\train\def_front\cast_def_0_3154.jpeg,defect
data\raw\casting_data\train\def_front\cast_def_0_2959.jpeg,defect
data\raw\casting_data\train\def_front\cast_def_0_8990.jpeg,defect
data\raw\casting_data\train\def_front\cast_def_0_6712.jpeg,defect
data\raw\casting_data\train\def_front\cast_def_0_4742.jpeg,defect
data\raw\casting_data\test\def_front\cast_def_0_1323.jpeg,defect
data\raw\casting_data\train\def_front\cast_def_0_5026.jpeg,defect
data\raw\casting_data\train\def_front\cast_def_0_4544.jpeg,defect
data\raw\casting_data\train\def_front\cast_def_0_9576.jpeg,defect
data\raw\casting_data\train\def_front\cast_def_0_3969.jpeg,defect
data\raw\casting_data\train\def_front\cast_def_0_8702.jpeg,defect
data\raw\casting_data\train\def_front\cast_def_0_7995.jpeg,defect
data\raw\casting_data\train\def_front\cast_def_0_925.jpeg,defect
data\raw\casting_data\train\def_front\cast_def_0_9490.jpeg,defect
data\raw\casting_data\train\def_front\cast_def_0_2435.jpeg,defect
data\raw\casting_data\train\def_front\cast_def_0_4989.jpeg,defect
data\raw\casting_data\train\def_front\cast_def_0_5106.jpeg,defect
data\raw\casting_data\train\def_front\cast_def_0_3607.jpeg,defect
data\raw\casting_data\train\def_front\cast_def_0_2818.jpeg,defect
data\raw\casting_data\train\def_front\cast_def_0_9642.jpeg,defect
data\raw\casting_data\train\def_front\cast_def_0_8383.jpeg,defect
data\raw\casting_data\test\def_front\cast_def_0_2393.jpeg,defect
data\raw\casting_data\train\def_front\cast_def_0_2826.jpeg,defect
data\raw\casting_data\test\def_front\cast_def_0_175.jpeg,defect
data\raw\casting_data\train\def_front\cast_def_0_4119.jpeg,defect
data\raw\casting_data\train\def_front\cast_def_0_7702.jpeg,defect
data\raw\casting_data\train\def_front\cast_def_0_6935.jpeg,defect
data\raw\casting_data\train\def_front\cast_def_0_2114.jpeg,defect
data\raw\casting_data\train\def_front\cast_def_0_7945.jpeg,defect
data\raw\casting_data\train\def_front\cast_def_0_3074.jpeg,defect
data\raw\casting_data\train\def_front\cast_def_0_2523.jpeg,defect
data\raw\casting_data\train\def_front\cast_def_0_3020.jpeg,defect
data\raw\casting_data\train\def_front\cast_def_0_4406.jpeg,defect
data\raw\casting_data\train\def_front\cast_def_0_3405.jpeg,defect
data\raw\casting_data\test\def_front\cast_def_0_641.jpeg,defect
data\raw\casting_data\train\def_front\cast_def_0_5539.jpeg,defect
data\raw\casting_data\test\def_front\cast_def_0_1392.jpeg,defect
data\raw\casting_data\train\def_front\cast_def_0_3761.jpeg,defect
data\raw\casting_data\train\def_front\cast_def_0_3500.jpeg,defect
data\raw\casting_data\train\def_front\cast_def_0_7024.jpeg,defect
data\raw\casting_data\train\def_front\cast_def_0_5623.jpeg,defect
data\raw\casting_data\train\def_front\cast_def_0_4789.jpeg,defect
data\raw\casting_data\train\def_front\cast_def_0_5562.jpeg,defect
data\raw\casting_data\train\def_front\cast_def_0_8051.jpeg,defect
data\raw\casting_data\train\def_front\cast_def_0_2603.jpeg,defect
data\raw\casting_data\test\def_front\cast_def_0_2526.jpeg,defect
data\raw\casting_data\train\def_front\cast_def_0_4307.jpeg,defect
data\raw\casting_data\train\def_front\cast_def_0_3474.jpeg,defect
data\raw\casting_data\train\def_front\cast_def_0_3457.jpeg,defect
data\raw\casting_data\train\def_front\cast_def_0_3227.jpeg,defect
data\raw\casting_data\train\def_front\cast_def_0_8630.jpeg,defect
data\raw\casting_data\train\def_front\cast_def_0_3868.jpeg,defect
data\raw\casting_data\train\def_front\cast_def_0_9188.jpeg,defect
data\raw\casting_data\train\def_front\cast_def_0_5815.jpeg,defect
data\raw\casting_data\train\def_front\cast_def_0_8949.jpeg,defect
data\raw\casting_data\train\def_front\cast_def_0_9169.jpeg,defect
data\raw\casting_data\train\def_front\cast_def_0_2760.jpeg,defect
data\raw\casting_data\train\def_front\cast_def_0_4717.jpeg,defect
data\raw\casting_data\train\def_front\cast_def_0_7125.jpeg,defect
data\raw\casting_data\train\def_front\cast_def_0_2706.jpeg,defect
data\raw\casting_data\train\def_front\cast_def_0_5861.jpeg,defect
data\raw\casting_data\train\def_front\cast_def_0_5270.jpeg,defect
data\raw\casting_data\train\def_front\cast_def_0_8606.jpeg,defect
data\raw\casting_data\train\def_front\cast_def_0_9378.jpeg,defect
data\raw\casting_data\train\def_front\cast_def_0_7622.jpeg,defect
data\raw\casting_data\train\def_front\cast_def_0_1254.jpeg,defect
data\raw\casting_data\train\def_front\cast_def_0_7730.jpeg,defect
data\raw\casting_data\train\def_front\cast_def_0_3836.jpeg,defect
data\raw\casting_data\train\def_front\cast_def_0_5024.jpeg,defect
data\raw\casting_data\train\def_front\cast_def_0_1406.jpeg,defect
data\raw\casting_data\train\def_front\cast_def_0_4008.jpeg,defect
data\raw\casting_data\train\def_front\cast_def_0_7644.jpeg,defect
data\raw\casting_data\train\def_front\cast_def_0_7508.jpeg,defect
data\raw\casting_data\train\def_front\cast_def_0_6420.jpeg,defect
data\raw\casting_data\train\def_front\cast_def_0_91.jpeg,defect
data\raw\casting_data\train\def_front\cast_def_0_6443.jpeg,defect
data\raw\casting_data\train\def_front\cast_def_0_838.jpeg,defect
data\raw\casting_data\train\def_front\cast_def_0_8021.jpeg,defect
data\raw\casting_data\train\def_front\cast_def_0_5534.jpeg,defect
data\raw\casting_data\train\def_front\cast_def_0_3367.jpeg,defect
data\raw\casting_data\train\def_front\cast_def_0_4419.jpeg,defect
data\raw\casting_data\train\def_front\cast_def_0_4073.jpeg,defect
data\raw\casting_data\train\def_front\cast_def_0_5935.jpeg,defect
data\raw\casting_data\train\def_front\cast_def_0_3671.jpeg,defect
data\raw\casting_data\train\def_front\cast_def_0_21.jpeg,defect
data\raw\casting_data\train\def_front\cast_def_0_9150.jpeg,defect
data\raw\casting_data\test\def_front\cast_def_0_184.jpeg,defect
data\raw\casting_data\test\def_front\cast_def_0_7481.jpeg,defect
data\raw\casting_data\train\def_front\cast_def_0_9008.jpeg,defect
data\raw\casting_data\train\def_front\cast_def_0_3965.jpeg,defect
data\raw\casting_data\train\def_front\cast_def_0_8728.jpeg,defect
data\raw\casting_data\train\def_front\cast_def_0_8959.jpeg,defect
data\raw\casting_data\test\def_front\cast_def_0_231.jpeg,defect
data\raw\casting_data\train\def_front\cast_def_0_5583.jpeg,defect
data\raw\casting_data\train\def_front\cast_def_0_7805.jpeg,defect
data\raw\casting_data\train\def_front\cast_def_0_2431.jpeg,defect
data\raw\casting_data\train\def_front\cast_def_0_2926.jpeg,defect
data\raw\casting_data\train\def_front\cast_def_0_3739.jpeg,defect
data\raw\casting_data\train\def_front\cast_def_0_3280.jpeg,defect
data\raw\casting_data\train\def_front\cast_def_0_9510.jpeg,defect
data\raw\casting_data\train\def_front\cast_def_0_6090.jpeg,defect
data\raw\casting_data\train\def_front\cast_def_0_8495.jpeg,defect
data\raw\casting_data\train\def_front\cast_def_0_9196.jpeg,defect
data\raw\casting_data\test\def_front\cast_def_0_1546.jpeg,defect
data\raw\casting_data\train\def_front\cast_def_0_6979.jpeg,defect
data\raw\casting_data\train\def_front\cast_def_0_4149.jpeg,defect
data\raw\casting_data\train\def_front\cast_def_0_9947.jpeg,defect
data\raw\casting_data\test\def_front\cast_def_0_9921.jpeg,defect
data\raw\casting_data\train\def_front\cast_def_0_3520.jpeg,defect
data\raw\casting_data\train\def_front\cast_def_0_6551.jpeg,defect
data\raw\casting_data\train\def_front\cast_def_0_796.jpeg,defect
data\raw\casting_data\test\def_front\cast_def_0_159.jpeg,defect
data\raw\casting_data\train\def_front\cast_def_0_1457.jpeg,defect
data\raw\casting_data\train\def_front\cast_def_0_4677.jpeg,defect
data\raw\casting_data\train\def_front\cast_def_0_1107.jpeg,defect
data\raw\casting_data\train\def_front\cast_def_0_3802.jpeg,defect
data\raw\casting_data\train\def_front\cast_def_0_8493.jpeg,defect
data\raw\casting_data\train\def_front\cast_def_0_2077.jpeg,defect
data\raw\casting_data\train\def_front\cast_def_0_2843.jpeg,defect
data\raw\casting_data\test\def_front\cast_def_0_1536.jpeg,defect
data\raw\casting_data\train\def_front\cast_def_0_5877.jpeg,defect
data\raw\casting_data\test\def_front\cast_def_0_2479.jpeg,defect
data\raw\casting_data\train\def_front\cast_def_0_2184.jpeg,defect
data\raw\casting_data\train\def_front\cast_def_0_1428.jpeg,defect
data\raw\casting_data\train\def_front\cast_def_0_7463.jpeg,defect
data\raw\casting_data\train\def_front\cast_def_0_9661.jpeg,defect
data\raw\casting_data\train\def_front\cast_def_0_2846.jpeg,defect
data\raw\casting_data\train\def_front\cast_def_0_3446.jpeg,defect
data\raw\casting_data\train\def_front\cast_def_0_3143.jpeg,defect
data\raw\casting_data\train\def_front\cast_def_0_1019.jpeg,defect
data\raw\casting_data\test\def_front\cast_def_0_9969.jpeg,defect
data\raw\casting_data\train\def_front\cast_def_0_8474.jpeg,defect
data\raw\casting_data\train\def_front\cast_def_0_5925.jpeg,defect
data\raw\casting_data\train\def_front\cast_def_0_3398.jpeg,defect
data\raw\casting_data\train\def_front\cast_def_0_5787.jpeg,defect
data\raw\casting_data\train\def_front\cast_def_0_6383.jpeg,defect
data\raw\casting_data\train\def_front\cast_def_0_1488.jpeg,defect
data\raw\casting_data\train\def_front\cast_def_0_7374.jpeg,defect
data\raw\casting_data\train\def_front\cast_def_0_2867.jpeg,defect
data\raw\casting_data\test\def_front\cast_def_0_190.jpeg,defect
data\raw\casting_data\train\def_front\cast_def_0_7742.jpeg,defect
data\raw\casting_data\train\def_front\cast_def_0_5872.jpeg,defect
data\raw\casting_data\test\def_front\cast_def_0_1488.jpeg,defect
data\raw\casting_data\train\def_front\cast_def_0_7396.jpeg,defect
data\raw\casting_data\train\def_front\cast_def_0_1966.jpeg,defect
data\raw\casting_data\train\def_front\cast_def_0_2860.jpeg,defect
data\raw\casting_data\train\def_front\cast_def_0_6980.jpeg,defect
data\raw\casting_data\test\def_front\cast_def_0_1418.jpeg,defect
data\raw\casting_data\test\def_front\cast_def_0_87.jpeg,defect
data\raw\casting_data\train\def_front\cast_def_0_9212.jpeg,defect
data\raw\casting_data\test\def_front\new__0_5223.jpeg,defect
data\raw\casting_data\train\def_front\cast_def_0_8956.jpeg,defect
data\raw\casting_data\train\def_front\cast_def_0_6547.jpeg,defect
data\raw\casting_data\test\def_front\cast_def_0_1269.jpeg,defect
data\raw\casting_data\test\def_front\cast_def_0_2305.jpeg,defect
data\raw\casting_data\train\def_front\cast_def_0_5595.jpeg,defect
data\raw\casting_data\train\def_front\cast_def_0_9631.jpeg,defect
data\raw\casting_data\train\def_front\cast_def_0_4668.jpeg,defect
data\raw\casting_data\train\def_front\cast_def_0_200.jpeg,defect
data\raw\casting_data\train\def_front\cast_def_0_1761.jpeg,defect
data\raw\casting_data\train\def_front\cast_def_0_4326.jpeg,defect
data\raw\casting_data\train\def_front\cast_def_0_6047.jpeg,defect
data\raw\casting_data\train\def_front\cast_def_0_6574.jpeg,defect
data\raw\casting_data\test\def_front\cast_def_0_496.jpeg,defect
data\raw\casting_data\train\def_front\cast_def_0_4129.jpeg,defect
data\raw\casting_data\train\def_front\cast_def_0_7648.jpeg,defect
data\raw\casting_data\train\def_front\cast_def_0_4337.jpeg,defect
data\raw\casting_data\train\def_front\cast_def_0_7381.jpeg,defect
data\raw\casting_data\train\def_front\cast_def_0_9419.jpeg,defect
data\raw\casting_data\train\def_front\cast_def_0_6247.jpeg,defect
data\raw\casting_data\train\def_front\cast_def_0_1181.jpeg,defect
data\raw\casting_data\train\def_front\cast_def_0_959.jpeg,defect
data\raw\casting_data\train\def_front\cast_def_0_6142.jpeg,defect
data\raw\casting_data\test\def_front\cast_def_0_1394.jpeg,defect
data\raw\casting_data\train\def_front\cast_def_0_2019.jpeg,defect
data\raw\casting_data\train\def_front\cast_def_0_3976.jpeg,defect
data\raw\casting_data\train\def_front\cast_def_0_8318.jpeg,defect
data\raw\casting_data\train\def_front\cast_def_0_7488.jpeg,defect
data\raw\casting_data\train\def_front\cast_def_0_5154.jpeg,defect
data\raw\casting_data\train\def_front\cast_def_0_6637.jpeg,defect
data\raw\casting_data\train\def_front\cast_def_0_120.jpeg,defect
data\raw\casting_data\train\def_front\cast_def_0_6224.jpeg,defect
data\raw\casting_data\train\def_front\cast_def_0_6415.jpeg,defect
data\raw\casting_data\train\def_front\cast_def_0_4450.jpeg,defect
data\raw\casting_data\train\def_front\cast_def_0_4108.jpeg,defect
data\raw\casting_data\train\def_front\cast_def_0_331.jpeg,defect
data\raw\casting_data\train\def_front\cast_def_0_7405.jpeg,defect
data\raw\casting_data\train\def_front\cast_def_0_883.jpeg,defect
data\raw\casting_data\test\def_front\cast_def_0_290.jpeg,defect
data\raw\casting_data\test\def_front\cast_def_0_1425.jpeg,defect
data\raw\casting_data\train\def_front\cast_def_0_8007.jpeg,defect
data\raw\casting_data\train\def_front\cast_def_0_6257.jpeg,defect
data\raw\casting_data\train\def_front\cast_def_0_2963.jpeg,defect
data\raw\casting_data\train\def_front\cast_def_0_5859.jpeg,defect
data\raw\casting_data\train\def_front\cast_def_0_1990.jpeg,defect
data\raw\casting_data\train\def_front\cast_def_0_5192.jpeg,defect
data\raw\casting_data\train\def_front\cast_def_0_5918.jpeg,defect
data\raw\casting_data\train\def_front\cast_def_0_8561.jpeg,defect
data\raw\casting_data\train\def_front\cast_def_0_4463.jpeg,defect
data\raw\casting_data\train\def_front\cast_def_0_4412.jpeg,defect
data\raw\casting_data\train\def_front\cast_def_0_2367.jpeg,defect
data\raw\casting_data\test\def_front\cast_def_0_118.jpeg,defect
data\raw\casting_data\test\def_front\cast_def_0_499.jpeg,defect
data\raw\casting_data\train\def_front\cast_def_0_8302.jpeg,defect
data\raw\casting_data\train\def_front\cast_def_0_1827.jpeg,defect
data\raw\casting_data\train\def_front\cast_def_0_3975.jpeg,defect
data\raw\casting_data\train\def_front\cast_def_0_9646.jpeg,defect
data\raw\casting_data\train\def_front\cast_def_0_3414.jpeg,defect
data\raw\casting_data\train\def_front\cast_def_0_3762.jpeg,defect
data\raw\casting_data\train\def_front\cast_def_0_8609.jpeg,defect
data\raw\casting_data\train\def_front\cast_def_0_6906.jpeg,defect
data\raw\casting_data\train\def_front\cast_def_0_3067.jpeg,defect
data\raw\casting_data\train\def_front\cast_def_0_7404.jpeg,defect
data\raw\casting_data\train\def_front\cast_def_0_3536.jpeg,defect
data\raw\casting_data\train\def_front\cast_def_0_2882.jpeg,defect
data\raw\casting_data\train\def_front\cast_def_0_6181.jpeg,defect
data\raw\casting_data\train\def_front\cast_def_0_3703.jpeg,defect
data\raw\casting_data\train\def_front\cast_def_0_9878.jpeg,defect
data\raw\casting_data\train\def_front\cast_def_0_9610.jpeg,defect
data\raw\casting_data\train\def_front\cast_def_0_8043.jpeg,defect
data\raw\casting_data\train\def_front\cast_def_0_6913.jpeg,defect
data\raw\casting_data\train\def_front\cast_def_0_5574.jpeg,defect
data\raw\casting_data\train\def_front\cast_def_0_7859.jpeg,defect
data\raw\casting_data\train\def_front\cast_def_0_4919.jpeg,defect
data\raw\casting_data\test\def_front\cast_def_0_2084.jpeg,defect
data\raw\casting_data\train\def_front\cast_def_0_8260.jpeg,defect
data\raw\casting_data\train\def_front\cast_def_0_6546.jpeg,defect
data\raw\casting_data\train\def_front\cast_def_0_5832.jpeg,defect
data\raw\casting_data\train\def_front\cast_def_0_5307.jpeg,defect
data\raw\casting_data\test\def_front\cast_def_0_1625.jpeg,defect
data\raw\casting_data\train\def_front\cast_def_0_8441.jpeg,defect
data\raw\casting_data\test\def_front\cast_def_0_302.jpeg,defect
data\raw\casting_data\train\def_front\cast_def_0_5890.jpeg,defect
data\raw\casting_data\train\def_front\cast_def_0_8470.jpeg,defect
data\raw\casting_data\test\def_front\cast_def_0_1466.jpeg,defect
data\raw\casting_data\train\def_front\cast_def_0_6548.jpeg,defect
data\raw\casting_data\train\def_front\cast_def_0_5582.jpeg,defect
data\raw\casting_data\train\def_front\cast_def_0_4736.jpeg,defect
data\raw\casting_data\train\def_front\cast_def_0_1870.jpeg,defect
data\raw\casting_data\train\def_front\cast_def_0_5641.jpeg,defect
data\raw\casting_data\train\def_front\cast_def_0_9421.jpeg,defect
data\raw\casting_data\train\def_front\cast_def_0_4654.jpeg,defect
data\raw\casting_data\train\def_front\cast_def_0_5731.jpeg,defect
data\raw\casting_data\train\def_front\cast_def_0_348.jpeg,defect
data\raw\casting_data\train\def_front\cast_def_0_7662.jpeg,defect
data\raw\casting_data\test\def_front\cast_def_0_3438.jpeg,defect
data\raw\casting_data\train\def_front\cast_def_0_3192.jpeg,defect
data\raw\casting_data\train\def_front\cast_def_0_8156.jpeg,defect
data\raw\casting_data\train\def_front\cast_def_0_7439.jpeg,defect
data\raw\casting_data\test\def_front\cast_def_0_61.jpeg,defect
data\raw\casting_data\test\def_front\cast_def_0_436.jpeg,defect
data\raw\casting_data\train\def_front\cast_def_0_5980.jpeg,defect
data\raw\casting_data\train\def_front\cast_def_0_3211.jpeg,defect
data\raw\casting_data\train\def_front\cast_def_0_2697.jpeg,defect
data\raw\casting_data\train\def_front\cast_def_0_3873.jpeg,defect
data\raw\casting_data\train\def_front\cast_def_0_6865.jpeg,defect
data\raw\casting_data\train\def_front\cast_def_0_8413.jpeg,defect
data\raw\casting_data\train\def_front\cast_def_0_7489.jpeg,defect
data\raw\casting_data\train\def_front\cast_def_0_6705.jpeg,defect
data\raw\casting_data\train\def_front\cast_def_0_8076.jpeg,defect
data\raw\casting_data\train\def_front\cast_def_0_9745.jpeg,defect
data\raw\casting_data\train\def_front\cast_def_0_7950.jpeg,defect
data\raw\casting_data\train\def_front\cast_def_0_9.jpeg,defect
data\raw\casting_data\train\def_front\cast_def_0_6525.jpeg,defect
data\raw\casting_data\train\def_front\cast_def_0_7397.jpeg,defect
data\raw\casting_data\train\def_front\cast_def_0_9546.jpeg,defect
data\raw\casting_data\test\def_front\cast_def_0_144.jpeg,defect
data\raw\casting_data\test\def_front\cast_def_0_1493.jpeg,defect
data\raw\casting_data\train\def_front\cast_def_0_27.jpeg,defect
data\raw\casting_data\train\def_front\cast_def_0_4537.jpeg,defect
data\raw\casting_data\train\def_front\cast_def_0_6963.jpeg,defect
data\raw\casting_data\train\def_front\cast_def_0_810.jpeg,defect
data\raw\casting_data\train\def_front\cast_def_0_2225.jpeg,defect
data\raw\casting_data\train\def_front\cast_def_0_3605.jpeg,defect
data\raw\casting_data\train\def_front\cast_def_0_6474.jpeg,defect
data\raw\casting_data\test\def_front\cast_def_0_1594.jpeg,defect
data\raw\casting_data\train\def_front\cast_def_0_6395.jpeg,defect
data\raw\casting_data\train\def_front\cast_def_0_3889.jpeg,defect
data\raw\casting_data\train\def_front\cast_def_0_3725.jpeg,defect
data\raw\casting_data\train\def_front\cast_def_0_8621.jpeg,defect
data\raw\casting_data\train\def_front\cast_def_0_9470.jpeg,defect
data\raw\casting_data\test\def_front\new__0_6708.jpeg,defect
data\raw\casting_data\train\def_front\cast_def_0_9191.jpeg,defect
data\raw\casting_data\test\def_front\new__0_4505.jpeg,defect
data\raw\casting_data\test\def_front\cast_def_0_1298.jpeg,defect
data\raw\casting_data\train\def_front\cast_def_0_3105.jpeg,defect
data\raw\casting_data\test\def_front\cast_def_0_2215.jpeg,defect
data\raw\casting_data\train\def_front\cast_def_0_4625.jpeg,defect
data\raw\casting_data\train\def_front\cast_def_0_5394.jpeg,defect
data\raw\casting_data\train\def_front\cast_def_0_4766.jpeg,defect
data\raw\casting_data\train\def_front\cast_def_0_6206.jpeg,defect
data\raw\casting_data\train\def_front\cast_def_0_3097.jpeg,defect
data\raw\casting_data\train\def_front\cast_def_0_7198.jpeg,defect
data\raw\casting_data\train\def_front\cast_def_0_9590.jpeg,defect
data\raw\casting_data\train\def_front\cast_def_0_1060.jpeg,defect
data\raw\casting_data\test\def_front\new__0_3299.jpeg,defect
data\raw\casting_data\train\def_front\cast_def_0_2113.jpeg,defect
data\raw\casting_data\test\def_front\new__0_7229.jpeg,defect
data\raw\casting_data\train\def_front\cast_def_0_3131.jpeg,defect
data\raw\casting_data\train\def_front\cast_def_0_7393.jpeg,defect
data\raw\casting_data\train\def_front\cast_def_0_5482.jpeg,defect
data\raw\casting_data\train\def_front\cast_def_0_4370.jpeg,defect
data\raw\casting_data\train\def_front\cast_def_0_8951.jpeg,defect
data\raw\casting_data\test\def_front\cast_def_0_1136.jpeg,defect
data\raw\casting_data\train\def_front\cast_def_0_9039.jpeg,defect
data\raw\casting_data\test\def_front\cast_def_0_4134.jpeg,defect
data\raw\casting_data\train\def_front\cast_def_0_8899.jpeg,defect
data\raw\casting_data\train\def_front\cast_def_0_7770.jpeg,defect
data\raw\casting_data\train\def_front\cast_def_0_2838.jpeg,defect
data\raw\casting_data\train\def_front\cast_def_0_3373.jpeg,defect
data\raw\casting_data\train\def_front\cast_def_0_8961.jpeg,defect
data\raw\casting_data\train\def_front\cast_def_0_5733.jpeg,defect
data\raw\casting_data\train\def_front\cast_def_0_3980.jpeg,defect
data\raw\casting_data\train\def_front\cast_def_0_7105.jpeg,defect
data\raw\casting_data\train\def_front\cast_def_0_2190.jpeg,defect
data\raw\casting_data\train\def_front\cast_def_0_6663.jpeg,defect
data\raw\casting_data\train\def_front\cast_def_0_2940.jpeg,defect
data\raw\casting_data\test\def_front\new__0_9014.jpeg,defect
data\raw\casting_data\train\def_front\cast_def_0_6909.jpeg,defect
data\raw\casting_data\test\def_front\cast_def_0_1294.jpeg,defect
data\raw\casting_data\train\def_front\cast_def_0_8570.jpeg,defect
data\raw\casting_data\train\def_front\cast_def_0_5378.jpeg,defect
data\raw\casting_data\train\def_front\cast_def_0_9389.jpeg,defect
